PassengerId,Age,SibSp,Parch,Fare,Sex_female,Sex_male,Pclass_1,Pclass_2,Pclass_3,Rank_A,Rank_B,Rank_C,Rank_D,Rank_E,Rank_F,Rank_G,Rank_T,Embarked_C,Embarked_Q,Embarked_S,SurvivedFamily,Survived
1,0.27345609420017536,0.125,0.0,0.014151057562208049,0,1,0,0,1,0,0,0,0,0,0,0,0,0,0,1,0.2857142857142857,0
2,0.47388199924840285,0.125,0.0,0.13913573538264068,1,0,1,0,0,0,0,1,0,0,0,0,0,1,0,0,0.5714285714285714,1
3,0.32356257046223225,0.0,0.0,0.015468569817999833,1,0,0,0,1,0,0,0,0,0,0,0,0,0,0,1,0.5714285714285714,1
4,0.4363021420518602,0.125,0.0,0.10364429745562033,1,0,1,0,0,0,0,1,0,0,0,0,0,0,0,1,0.5714285714285714,1
5,0.4363021420518602,0.0,0.0,0.015712553569072387,0,1,0,0,1,0,0,0,0,0,0,0,0,0,0,1,0.5714285714285714,0
6,0.3736690467242891,0.0,0.0,0.01650950209357577,0,1,0,0,1,0,0,0,0,0,0,0,0,0,1,0,0.5714285714285714,0
7,0.6743079042966303,0.0,0.0,0.10122885832000206,0,1,1,0,0,0,0,0,0,1,0,0,0,0,0,1,0.2857142857142857,0
8,0.02292371288989102,0.375,0.1111111111111111,0.04113566043083236,0,1,0,0,1,0,0,0,0,0,0,0,0,0,0,1,0.4571428571428572,0
9,0.33608918952774647,0.0,0.2222222222222222,0.021730754366528396,1,0,0,0,1,0,0,0,0,0,0,0,0,0,0,1,0.7619047619047619,1
10,0.17324314167606164,0.125,0.0,0.058694292654020104,1,0,0,1,0,0,0,0,0,0,0,0,0,1,0,0,0.5714285714285714,1
11,0.04797695102091946,0.125,0.1111111111111111,0.03259622914329302,1,0,0,0,1,0,0,0,0,0,0,1,0,0,0,1,0.7619047619047619,1
12,0.7244143805586872,0.0,0.0,0.051822148727810165,1,0,1,0,0,0,0,1,0,0,0,0,0,0,0,1,0.5714285714285714,1
13,0.24840285606914692,0.0,0.0,0.015712553569072387,0,1,0,0,1,0,0,0,0,0,0,0,0,0,0,1,0.0,0
14,0.4864086183139171,0.125,0.5555555555555556,0.06104473451835265,0,1,0,0,1,0,0,0,0,0,0,0,0,0,0,1,0.6233766233766234,0
15,0.17324314167606164,0.0,0.0,0.015330377421392339,1,0,0,0,1,0,0,0,0,0,0,0,0,0,0,1,0.0,0
16,0.6868345233621446,0.0,0.0,0.03122992013728673,1,0,0,1,0,0,0,0,0,0,0,0,0,0,0,1,0.5714285714285714,1
17,0.02292371288989102,0.5,0.1111111111111111,0.056848213999904744,0,1,0,0,1,0,0,0,0,0,0,0,0,0,1,0,0.4761904761904762,0
18,0.3736690467242891,0.0,0.0,0.025374310111545468,0,1,0,1,0,0,0,0,0,0,0,0,0,0,0,1,0.5714285714285714,1
19,0.3861956657898033,0.125,0.0,0.03513366015444757,1,0,0,0,1,0,0,0,0,0,0,0,0,0,0,1,0.42857142857142855,0
20,0.3736690467242891,0.0,0.0,0.014102260811993537,1,0,0,0,1,0,0,0,0,0,0,0,0,1,0,0,0.5714285714285714,1
21,0.4363021420518602,0.0,0.0,0.050748620223090936,0,1,0,1,0,0,0,0,0,0,0,0,0,0,0,1,0.0,0
22,0.42377552298634596,0.0,0.0,0.025374310111545468,0,1,0,1,0,0,0,0,1,0,0,0,0,0,0,1,0.5714285714285714,1
23,0.18576976074157586,0.0,0.0,0.015671954672893913,1,0,0,0,1,0,0,0,0,0,0,0,0,0,1,0,0.5714285714285714,1
24,0.3486158085932607,0.0,0.0,0.06929138530460492,0,1,1,0,0,1,0,0,0,0,0,0,0,0,0,1,0.5714285714285714,1
25,0.09808342728297632,0.375,0.1111111111111111,0.04113566043083236,1,0,0,0,1,0,0,0,0,0,0,0,0,0,0,1,0.4571428571428572,0
26,0.47388199924840285,0.125,0.5555555555555556,0.061264319894317944,1,0,0,0,1,0,0,0,0,0,0,0,0,0,0,1,0.7142857142857143,1
27,0.3736690467242891,0.0,0.0,0.014102260811993537,0,1,0,0,1,0,0,0,0,0,0,0,0,1,0,0,0.0,0
28,0.2358762370036327,0.375,0.2222222222222222,0.5133418122566505,0,1,1,0,0,0,0,1,0,0,0,0,0,0,0,1,0.6666666666666667,0
29,0.3736690467242891,0.0,0.0,0.01537917417160685,1,0,0,0,1,0,0,0,0,0,0,0,0,0,1,0,0.5714285714285714,1
30,0.3736690467242891,0.0,0.0,0.015411575213749284,0,1,0,0,1,0,0,0,0,0,0,0,0,0,0,1,0.0,0
31,0.4989352373794313,0.0,0.0,0.05410739813385612,0,1,1,0,0,0,0,0,0,0,0,0,0,1,0,0,0.0,0
32,0.3736690467242891,0.125,0.0,0.2859895551532101,1,0,1,0,0,0,1,0,0,0,0,0,0,1,0,0,0.5714285714285714,1
33,0.3736690467242891,0.0,0.0,0.015126992566498259,1,0,0,0,1,0,0,0,0,0,0,0,0,0,1,0,0.5714285714285714,1
34,0.8246273330828009,0.0,0.0,0.020494635090094415,0,1,0,1,0,0,0,0,0,0,0,0,0,0,0,1,0.0,0
35,0.3486158085932607,0.125,0.0,0.16038672010106,0,1,1,0,0,0,0,0,0,0,0,0,0,1,0,0,0.5714285714285714,0
36,0.5239884755104597,0.125,0.0,0.10149724044618187,0,1,1,0,0,0,0,0,0,0,0,0,0,0,0,1,0.5714285714285714,0
37,0.3736690467242891,0.0,0.0,0.014110458666029575,0,1,0,0,1,0,0,0,0,0,0,0,0,1,0,0,0.5714285714285714,1
38,0.26092947513466114,0.0,0.0,0.015712553569072387,0,1,0,0,1,0,0,0,0,0,0,0,0,0,0,1,0.0,0
39,0.22334961793811847,0.25,0.0,0.03513366015444757,1,0,0,0,1,0,0,0,0,0,0,0,0,0,0,1,0.42857142857142855,0
40,0.17324314167606164,0.125,0.0,0.021942337075458514,1,0,0,0,1,0,0,0,0,0,0,0,0,1,0,0,0.8571428571428571,1
41,0.4989352373794313,0.125,0.0,0.018493968331299484,1,0,0,0,1,0,0,0,0,0,0,0,0,0,0,1,0.0,0
42,0.33608918952774647,0.125,0.0,0.04098927018018883,1,0,0,1,0,0,0,0,0,0,0,0,0,0,0,1,0.2857142857142857,0
43,0.3736690467242891,0.0,0.0,0.015411575213749284,0,1,0,0,1,0,0,0,0,0,0,0,0,1,0,0,0.0,0
44,0.035450331955405236,0.125,0.2222222222222222,0.08115719346076702,1,0,0,1,0,0,0,0,0,0,0,0,0,1,0,0,0.7142857142857143,1
45,0.2358762370036327,0.0,0.0,0.01537917417160685,1,0,0,0,1,0,0,0,0,0,0,0,0,0,1,0,0.5714285714285714,1
46,0.3736690467242891,0.0,0.0,0.015712553569072387,0,1,0,0,1,0,0,0,0,0,0,0,0,0,0,1,0.2857142857142857,0
47,0.3736690467242891,0.125,0.0,0.030253985132996517,0,1,0,0,1,0,0,0,0,0,0,0,0,0,1,0,0.2857142857142857,0
48,0.3736690467242891,0.0,0.0,0.015126992566498259,1,0,0,0,1,0,0,0,0,0,0,0,0,0,1,0,0.5714285714285714,1
49,0.3736690467242891,0.25,0.0,0.04231498029001666,0,1,0,0,1,0,0,0,0,0,0,0,0,1,0,0,0.380952380952381,0
50,0.22334961793811847,0.125,0.0,0.034743286152731485,1,0,0,0,1,0,0,0,0,0,0,0,0,0,0,1,0.2857142857142857,0
51,0.08555680821746212,0.5,0.1111111111111111,0.07746484096553544,0,1,0,0,1,0,0,0,0,0,0,0,0,0,0,1,0.4761904761904762,0
52,0.26092947513466114,0.0,0.0,0.01522458606692728,0,1,0,0,1,0,0,0,0,0,0,0,0,0,0,1,0.0,0
53,0.6116748089690592,0.125,0.0,0.1497654242623688,1,0,1,0,0,0,0,0,1,0,0,0,0,1,0,0,0.8571428571428571,1
54,0.36114242765877486,0.125,0.0,0.050748620223090936,1,0,0,1,0,0,0,0,0,0,0,0,0,0,0,1,0.5714285714285714,1
55,0.8121007140172868,0.0,0.1111111111111111,0.1209753416358076,0,1,1,0,0,0,1,0,0,0,0,0,0,1,0,0,0.2857142857142857,0
56,0.3736690467242891,0.0,0.0,0.06929138530460492,0,1,1,0,0,0,0,1,0,0,0,0,0,0,0,1,0.5714285714285714,1
57,0.26092947513466114,0.0,0.0,0.020494635090094415,1,0,0,1,0,0,0,0,0,0,0,0,0,0,0,1,0.5714285714285714,1
58,0.3548791181260178,0.0,0.0,0.014110458666029575,0,1,0,0,1,0,0,0,0,0,0,0,0,1,0,0,0.0,0
59,0.06050357008643367,0.125,0.2222222222222222,0.05416439273810667,1,0,0,1,0,0,0,0,0,0,0,0,0,0,0,1,0.7142857142857143,1
60,0.13566328447951898,0.625,0.2222222222222222,0.09154270340242172,0,1,0,0,1,0,0,0,0,0,0,0,0,0,0,1,0.5,0
61,0.27345609420017536,0.0,0.0,0.014110458666029575,0,1,0,0,1,0,0,0,0,0,0,0,0,1,0,0,0.0,0
62,0.47388199924840285,0.0,0.0,0.15614960068643363,1,0,1,0,0,0,1,0,0,0,0,0,0,0,0,0,0.5714285714285714,1
63,0.5615683327070023,0.125,0.0,0.16293234896625058,0,1,1,0,0,0,0,1,0,0,0,0,0,0,0,1,0.7142857142857143,0
64,0.04797695102091946,0.375,0.2222222222222222,0.05445717323939373,0,1,0,0,1,0,0,0,0,0,0,0,0,0,0,1,0.4761904761904762,0
65,0.3736690467242891,0.0,0.0,0.05410739813385612,0,1,1,0,0,0,0,0,0,0,0,0,0,1,0,0,0.0,0
66,0.3736690467242891,0.125,0.1111111111111111,0.029757819776815374,0,1,0,0,1,0,0,0,0,0,0,0,0,1,0,0,0.7619047619047619,1
67,0.36114242765877486,0.0,0.0,0.020494635090094415,1,0,0,1,0,0,0,0,0,0,1,0,0,0,0,1,0.5714285714285714,1
68,0.2358762370036327,0.0,0.0,0.015923941091001644,0,1,0,0,1,0,0,0,0,0,0,0,0,0,0,1,0.0,0
69,0.21082299887260428,0.5,0.2222222222222222,0.015468569817999833,1,0,0,0,1,0,0,0,0,0,0,0,0,0,0,1,0.6233766233766234,1
70,0.32356257046223225,0.25,0.0,0.016908073949327893,0,1,0,0,1,0,0,0,0,0,0,0,0,0,0,1,0.2857142857142857,0
71,0.3987222848553175,0.0,0.0,0.020494635090094415,0,1,0,1,0,0,0,0,0,0,0,0,0,0,0,1,0.0,0
72,0.19829637980709008,0.625,0.2222222222222222,0.09154270340242172,1,0,0,0,1,0,0,0,0,0,0,0,0,0,0,1,0.5,0
73,0.26092947513466114,0.0,0.0,0.1434624456306609,0,1,0,1,0,0,0,0,0,0,0,0,0,0,0,1,0.0,0
74,0.32356257046223225,0.125,0.0,0.028212719478023115,0,1,0,0,1,0,0,0,0,0,0,0,0,1,0,0,0.2857142857142857,0
75,0.3987222848553175,0.0,0.0,0.11027245763075773,0,1,0,0,1,0,0,0,0,0,0,0,0,0,0,1,0.5714285714285714,1
76,0.311035951396718,0.0,0.0,0.014931805565640218,0,1,0,0,1,0,0,0,0,0,1,0,0,0,0,1,0.0,0
77,0.3736690467242891,0.0,0.0,0.015411575213749284,0,1,0,0,1,0,0,0,0,0,0,0,0,0,0,1,0.0,0
78,0.3736690467242891,0.0,0.0,0.015712553569072387,0,1,0,0,1,0,0,0,0,0,0,0,0,0,0,1,0.0,0
79,0.008267568583239383,0.0,0.2222222222222222,0.056604230248832196,0,1,0,1,0,0,0,0,0,0,0,0,0,0,0,1,0.7619047619047619,1
80,0.3736690467242891,0.0,0.0,0.024349578357040744,1,0,0,0,1,0,0,0,0,0,0,0,0,0,0,1,0.5714285714285714,1
81,0.27345609420017536,0.0,0.0,0.017566830077223785,0,1,0,0,1,0,0,0,0,0,0,0,0,0,0,1,0.0,0
82,0.36114242765877486,0.0,0.0,0.018542765081513996,0,1,0,0,1,0,0,0,0,0,0,0,0,0,0,1,0.5714285714285714,1
83,0.3736690467242891,0.0,0.0,0.015200187691820024,1,0,0,0,1,0,0,0,0,0,0,0,0,0,1,0,0.5714285714285714,1
84,0.3486158085932607,0.0,0.0,0.09193307740413781,0,1,1,0,0,0,0,0,0,0,0,0,0,0,0,1,0.2857142857142857,0
85,0.21082299887260428,0.0,0.0,0.020494635090094415,1,0,0,1,0,0,0,0,0,0,0,0,0,0,0,1,0.5714285714285714,1
86,0.41124890392083174,0.375,0.0,0.030937139635999665,1,0,0,0,1,0,0,0,0,0,0,0,0,0,0,1,0.5714285714285714,1
87,0.19829637980709008,0.125,0.3333333333333333,0.06709553154495196,0,1,0,0,1,0,0,0,0,0,0,0,0,0,0,1,0.4761904761904762,0
88,0.3736690467242891,0.0,0.0,0.015712553569072387,0,1,0,0,1,0,0,0,0,0,0,0,0,0,0,1,0.0,0
89,0.2859827132656896,0.375,0.2222222222222222,0.5133418122566505,1,0,1,0,0,0,0,1,0,0,0,0,0,0,0,1,0.6666666666666667,1
90,0.2985093323312038,0.0,0.0,0.015712553569072387,0,1,0,0,1,0,0,0,0,0,0,0,0,0,0,1,0.0,0
91,0.36114242765877486,0.0,0.0,0.015712553569072387,0,1,0,0,1,0,0,0,0,0,0,0,0,0,0,1,0.0,0
92,0.24840285606914692,0.0,0.0,0.015330377421392339,0,1,0,0,1,0,0,0,0,0,0,0,0,0,0,1,0.0,0
93,0.5740949517725166,0.125,0.0,0.11940564777490723,0,1,1,0,0,0,0,0,0,1,0,0,0,0,0,1,0.2857142857142857,0
94,0.32356257046223225,0.125,0.2222222222222222,0.04015972542654215,0,1,0,0,1,0,0,0,0,0,0,0,0,0,0,1,0.5714285714285714,0
95,0.7369409996242015,0.0,0.0,0.014151057562208049,0,1,0,0,1,0,0,0,0,0,0,0,0,0,0,1,0.0,0
96,0.3736690467242891,0.0,0.0,0.015712553569072387,0,1,0,0,1,0,0,0,0,0,0,0,0,0,0,1,0.0,0
97,0.887260428410372,0.0,0.0,0.06764049365134761,0,1,1,0,0,1,0,0,0,0,0,0,0,1,0,0,0.0,0
98,0.2859827132656896,0.0,0.1111111111111111,0.12366716556464086,0,1,1,0,0,0,0,0,1,0,0,0,0,1,0,0,0.5714285714285714,1
99,0.42377552298634596,0.0,0.1111111111111111,0.04489301019734967,1,0,0,1,0,0,0,0,0,0,0,0,0,0,0,1,0.8571428571428571,1
100,0.42377552298634596,0.125,0.0,0.050748620223090936,0,1,0,1,0,0,0,0,0,0,0,0,0,0,0,1,0.5714285714285714,0
101,0.3486158085932607,0.0,0.0,0.015411575213749284,1,0,0,0,1,0,0,0,0,0,0,0,0,0,0,1,0.0,0
102,0.3736690467242891,0.0,0.0,0.015411575213749284,0,1,0,0,1,0,0,0,0,0,0,0,0,0,0,1,0.2857142857142857,0
103,0.26092947513466114,0.0,0.1111111111111111,0.15085515328815924,0,1,1,0,0,0,0,0,1,0,0,0,0,0,0,1,0.380952380952381,0
104,0.41124890392083174,0.0,0.0,0.016891873428256675,0,1,0,0,1,0,0,0,0,0,0,0,0,0,0,1,0.42857142857142855,0
105,0.46135538018288863,0.25,0.0,0.015468569817999833,0,1,0,0,1,0,0,0,0,0,0,0,0,0,0,1,0.42857142857142855,0
106,0.3486158085932607,0.0,0.0,0.015411575213749284,0,1,0,0,1,0,0,0,0,0,0,0,0,0,0,1,0.0,0
107,0.26092947513466114,0.0,0.0,0.014931805565640218,1,0,0,0,1,0,0,0,0,0,0,0,0,0,0,1,0.5714285714285714,1
108,0.3736690467242891,0.0,0.0,0.015175789316712771,0,1,0,0,1,0,0,0,0,0,0,0,0,0,0,1,0.5714285714285714,1
109,0.47388199924840285,0.0,0.0,0.015411575213749284,0,1,0,0,1,0,0,0,0,0,0,0,0,0,0,1,0.0,0
110,0.3736690467242891,0.125,0.0,0.04713766070721715,1,0,0,0,1,0,0,0,0,0,0,0,0,0,1,0,0.5714285714285714,1
111,0.5866215708380308,0.0,0.0,0.10149724044618187,0,1,1,0,0,0,0,1,0,0,0,0,0,0,0,1,0.0,0
112,0.17950645120881875,0.125,0.0,0.028212719478023115,1,0,0,0,1,0,0,0,0,0,0,0,0,1,0,0,0.2857142857142857,0
113,0.27345609420017536,0.0,0.0,0.015712553569072387,0,1,0,0,1,0,0,0,0,0,0,0,0,0,0,1,0.0,0
114,0.24840285606914692,0.125,0.0,0.019177122834302632,1,0,0,0,1,0,0,0,0,0,0,0,0,0,0,1,0.5714285714285714,0
115,0.21082299887260428,0.0,0.0,0.028220722145058292,1,0,0,0,1,0,0,0,0,0,0,0,0,1,0,0,0.2857142857142857,0
116,0.26092947513466114,0.0,0.0,0.015468569817999833,0,1,0,0,1,0,0,0,0,0,0,0,0,0,0,1,0.0,0
117,0.8809971188776149,0.0,0.0,0.015126992566498259,0,1,0,0,1,0,0,0,0,0,0,0,0,0,1,0,0.0,0
118,0.36114242765877486,0.125,0.0,0.04098927018018883,0,1,0,1,0,0,0,0,0,0,0,0,0,0,0,1,0.2857142857142857,0
119,0.2985093323312038,0.0,0.1111111111111111,0.4831284260198326,0,1,1,0,0,0,1,0,0,0,0,0,0,1,0,0,0.5714285714285714,0
120,0.02292371288989102,0.5,0.2222222222222222,0.06104473451835265,1,0,0,0,1,0,0,0,0,0,0,0,0,0,0,1,0.6233766233766234,0
121,0.26092947513466114,0.25,0.0,0.1434624456306609,0,1,0,1,0,0,0,0,0,0,0,0,0,0,0,1,0.380952380952381,0
122,0.3736690467242891,0.0,0.0,0.015712553569072387,0,1,0,0,1,0,0,0,0,0,0,0,0,0,0,1,0.2857142857142857,0
123,0.40498559438807463,0.125,0.0,0.058694292654020104,0,1,0,1,0,0,0,0,0,0,0,0,0,1,0,0,0.5714285714285714,0
124,0.40498559438807463,0.0,0.0,0.025374310111545468,1,0,0,1,0,0,0,0,0,1,0,0,0,0,0,1,0.5714285714285714,1
125,0.6743079042966303,0.0,0.1111111111111111,0.15085515328815924,0,1,1,0,0,0,0,0,1,0,0,0,0,0,0,1,0.380952380952381,0
126,0.1481899035450332,0.125,0.0,0.021942337075458514,0,1,0,0,1,0,0,0,0,0,0,0,0,1,0,0,0.8571428571428571,1
127,0.3736690467242891,0.0,0.0,0.015126992566498259,0,1,0,0,1,0,0,0,0,0,0,0,0,0,1,0,0.0,0
128,0.2985093323312038,0.0,0.0,0.01393967004027879,0,1,0,0,1,0,0,0,0,0,0,0,0,0,0,1,0.5714285714285714,1
129,0.3736690467242891,0.125,0.1111111111111111,0.04364049521284361,1,0,0,0,1,0,0,0,0,0,1,0,0,1,0,0,0.7619047619047619,1
130,0.5615683327070023,0.0,0.0,0.013614293309848433,0,1,0,0,1,0,0,0,0,0,0,0,0,0,0,1,0.0,0
131,0.41124890392083174,0.0,0.0,0.015411575213749284,0,1,0,0,1,0,0,0,0,0,0,0,0,1,0,0,0.0,0
132,0.24840285606914692,0.0,0.0,0.013760683560491965,0,1,0,0,1,0,0,0,0,0,0,0,0,0,0,1,0.0,0
133,0.5866215708380308,0.125,0.0,0.028302115124416098,1,0,0,0,1,0,0,0,0,0,0,0,0,0,0,1,0.2857142857142857,0
134,0.36114242765877486,0.125,0.0,0.050748620223090936,1,0,0,1,0,0,0,0,0,0,0,0,0,0,0,1,0.5714285714285714,1
135,0.311035951396718,0.0,0.0,0.025374310111545468,0,1,0,1,0,0,0,0,0,0,0,0,0,0,0,1,0.0,0
136,0.2859827132656896,0.0,0.0,0.02936744577509929,0,1,0,1,0,0,0,0,0,0,0,0,0,1,0,0,0.0,0
137,0.2358762370036327,0.0,0.2222222222222222,0.051301584996521765,1,0,1,0,0,0,0,0,1,0,0,0,0,0,0,1,0.5714285714285714,1
138,0.46135538018288863,0.125,0.0,0.10364429745562033,0,1,1,0,0,0,0,1,0,0,0,0,0,0,0,1,0.5714285714285714,0
139,0.19829637980709008,0.0,0.0,0.01798980030808316,0,1,0,0,1,0,0,0,0,0,0,0,0,0,0,1,0.0,0
140,0.2985093323312038,0.0,0.0,0.15458810467956932,0,1,1,0,0,0,1,0,0,0,0,0,0,1,0,0,0.0,0
141,0.3736690467242891,0.0,0.2222222222222222,0.029757819776815374,1,0,0,0,1,0,0,0,0,0,0,0,0,1,0,0,0.42857142857142855,0
142,0.27345609420017536,0.0,0.0,0.015126992566498259,1,0,0,0,1,0,0,0,0,0,0,0,0,0,0,1,0.5714285714285714,1
143,0.2985093323312038,0.125,0.0,0.030937139635999665,1,0,0,0,1,0,0,0,0,0,0,0,0,0,0,1,0.5714285714285714,1
144,0.2358762370036327,0.0,0.0,0.013175122557917838,0,1,0,0,1,0,0,0,0,0,0,0,0,0,1,0,0.0,0
145,0.22334961793811847,0.0,0.0,0.022446505098674834,0,1,0,1,0,0,0,0,0,0,0,0,0,0,0,1,0.2857142857142857,0
146,0.2358762370036327,0.125,0.1111111111111111,0.07173122281533045,0,1,0,1,0,0,0,0,0,0,0,0,0,0,0,1,0.0,0
147,0.33608918952774647,0.0,0.0,0.015216388212891242,0,1,0,0,1,0,0,0,0,0,0,0,0,0,0,1,0.6233766233766234,1
148,0.11061004634849055,0.25,0.2222222222222222,0.06709553154495196,1,0,0,0,1,0,0,0,0,0,0,0,0,0,0,1,0.4761904761904762,0
149,0.4550920706501315,0.0,0.2222222222222222,0.050748620223090936,0,1,0,1,0,0,0,0,0,0,1,0,0,0,0,1,0.7619047619047619,0
150,0.5239884755104597,0.0,0.0,0.025374310111545468,0,1,0,1,0,0,0,0,0,0,0,0,0,0,0,1,0.0,0
151,0.6367280471000877,0.0,0.0,0.02444717185746977,0,1,0,1,0,0,0,0,0,0,0,0,0,0,0,1,0.0,0
152,0.27345609420017536,0.125,0.0,0.12999454257145598,1,0,1,0,0,0,0,1,0,0,0,0,0,0,0,1,0.5714285714285714,1
153,0.6930978328949017,0.0,0.0,0.015712553569072387,0,1,0,0,1,0,0,0,0,0,0,0,0,0,0,1,0.0,0
154,0.5051985469121884,0.0,0.2222222222222222,0.028302115124416098,0,1,0,0,1,0,0,0,0,0,0,0,0,0,0,1,0.380952380952381,0
155,0.3736690467242891,0.0,0.0,0.014273049437744325,0,1,0,0,1,0,0,0,0,0,0,0,0,0,0,1,0.42857142857142855,0
156,0.6367280471000877,0.0,0.1111111111111111,0.11980421963065935,0,1,1,0,0,0,0,0,0,0,0,0,0,1,0,0,0.5714285714285714,0
157,0.19829637980709008,0.0,0.0,0.015094396337354966,1,0,0,0,1,0,0,0,0,0,0,0,0,0,1,0,0.5714285714285714,1
158,0.3736690467242891,0.0,0.0,0.015712553569072387,0,1,0,0,1,0,0,0,0,0,0,0,0,0,0,1,0.0,0
159,0.3736690467242891,0.0,0.0,0.016908073949327893,0,1,0,0,1,0,0,0,0,0,0,0,0,0,0,1,0.0,0
160,0.3736690467242891,1.0,0.2222222222222222,0.13575255909676823,0,1,0,0,1,0,0,0,0,0,0,0,0,0,0,1,0.5194805194805194,0
161,0.5490417136414881,0.0,0.1111111111111111,0.031425107138144774,0,1,0,0,1,0,0,0,0,0,0,0,0,0,0,1,0.2857142857142857,0
162,0.4989352373794313,0.0,0.0,0.030741952635141623,1,0,0,1,0,0,0,0,0,0,0,0,0,0,0,1,0.5714285714285714,1
163,0.32356257046223225,0.0,0.0,0.015175789316712771,0,1,0,0,1,0,0,0,0,0,0,0,0,0,0,1,0.0,0
164,0.21082299887260428,0.0,0.0,0.016908073949327893,0,1,0,0,1,0,0,0,0,0,0,0,0,0,0,1,0.2857142857142857,0
165,0.0103970938243768,0.5,0.1111111111111111,0.07746484096553544,0,1,0,0,1,0,0,0,0,0,0,0,0,0,0,1,0.4761904761904762,0
166,0.11061004634849055,0.0,0.2222222222222222,0.04006213192611313,0,1,0,0,1,0,0,0,0,0,0,0,0,0,0,1,0.7142857142857143,1
167,0.3736690467242891,0.0,0.1111111111111111,0.10735285047192313,1,0,1,0,0,0,0,0,0,1,0,0,0,0,0,1,0.5714285714285714,1
168,0.5615683327070023,0.125,0.4444444444444444,0.05445717323939373,1,0,0,0,1,0,0,0,0,0,0,0,0,0,0,1,0.4761904761904762,0
169,0.3736690467242891,0.0,0.0,0.050602229972447406,0,1,1,0,0,0,0,0,0,0,0,0,0,0,0,1,0.0,0
170,0.3486158085932607,0.0,0.0,0.11027245763075773,0,1,0,0,1,0,0,0,0,0,0,0,0,0,0,1,0.0,0
171,0.7619942377552299,0.0,0.0,0.06538764528744409,0,1,1,0,0,0,1,0,0,0,0,0,0,0,0,1,0.0,0
172,0.04797695102091946,0.5,0.1111111111111111,0.056848213999904744,0,1,0,0,1,0,0,0,0,0,0,0,0,0,1,0,0.4761904761904762,0
173,0.0103970938243768,0.125,0.1111111111111111,0.021730754366528396,1,0,0,0,1,0,0,0,0,0,0,0,0,0,0,1,0.7619047619047619,1
174,0.26092947513466114,0.0,0.0,0.015468569817999833,0,1,0,0,1,0,0,0,0,0,0,0,0,0,0,1,0.0,0
175,0.6993611424276588,0.0,0.0,0.05991421140938287,0,1,1,0,0,1,0,0,0,0,0,0,0,1,0,0,0.5714285714285714,0
176,0.22334961793811847,0.125,0.1111111111111111,0.015330377421392339,0,1,0,0,1,0,0,0,0,0,0,0,0,0,0,1,0.380952380952381,0
177,0.3736690467242891,0.375,0.1111111111111111,0.04970768794751499,0,1,0,0,1,0,0,0,0,0,0,0,0,0,0,1,0.4571428571428572,0
178,0.6242014280345735,0.0,0.0,0.05604306762136532,1,0,1,0,0,0,0,1,0,0,0,0,0,1,0,0,0.0,0
179,0.3736690467242891,0.0,0.0,0.025374310111545468,0,1,0,1,0,0,0,0,0,0,0,0,0,0,0,1,0.0,0
180,0.4488287611173744,0.0,0.0,0.0,0,1,0,0,1,0,0,0,0,0,0,0,0,0,0,1,0.0,0
181,0.3736690467242891,1.0,0.2222222222222222,0.13575255909676823,1,0,0,0,1,0,0,0,0,0,0,0,0,0,0,1,0.5194805194805194,0
182,0.3736690467242891,0.0,0.0,0.02937564362913533,0,1,0,1,0,0,0,0,0,0,0,0,0,1,0,0,0.0,0
183,0.11061004634849055,0.5,0.2222222222222222,0.061264319894317944,0,1,0,0,1,0,0,0,0,0,0,0,0,0,0,1,0.7142857142857143,0
184,0.0103970938243768,0.25,0.1111111111111111,0.0761229303346364,0,1,0,1,0,0,0,0,0,0,1,0,0,0,0,1,0.7142857142857143,1
185,0.04797695102091946,0.0,0.2222222222222222,0.04298993693898376,1,0,0,0,1,0,0,0,0,0,0,0,0,0,0,1,0.5714285714285714,1
186,0.3736690467242891,0.0,0.0,0.09759350042902103,0,1,1,0,0,1,0,0,0,0,0,0,0,0,0,1,0.0,0
187,0.3736690467242891,0.125,0.0,0.030253985132996517,1,0,0,0,1,0,0,0,0,0,0,0,0,0,1,0,0.5714285714285714,1
188,0.5615683327070023,0.0,0.0,0.051822148727810165,0,1,1,0,0,0,0,0,0,0,0,0,0,0,0,1,0.5714285714285714,1
189,0.4989352373794313,0.125,0.1111111111111111,0.030253985132996517,0,1,0,0,1,0,0,0,0,0,0,0,0,0,1,0,0.380952380952381,0
190,0.4488287611173744,0.0,0.0,0.015411575213749284,0,1,0,0,1,0,0,0,0,0,0,0,0,0,0,1,0.0,0
191,0.3987222848553175,0.0,0.0,0.025374310111545468,1,0,0,1,0,0,0,0,0,0,0,0,0,0,0,1,0.5714285714285714,1
192,0.2358762370036327,0.0,0.0,0.025374310111545468,0,1,0,1,0,0,0,0,0,0,0,0,0,0,0,1,0.0,0
193,0.2358762370036327,0.125,0.0,0.015330377421392339,1,0,0,0,1,0,0,0,0,0,0,0,0,0,0,1,0.5714285714285714,1
194,0.035450331955405236,0.125,0.1111111111111111,0.050748620223090936,0,1,0,1,0,0,0,0,0,0,1,0,0,0,0,1,0.7619047619047619,1
195,0.5490417136414881,0.0,0.0,0.05410739813385612,1,0,1,0,0,0,1,0,0,0,0,0,0,1,0,0,0.7619047619047619,1
196,0.7244143805586872,0.0,0.0,0.2859895551532101,1,0,1,0,0,0,1,0,0,0,0,0,0,1,0,0,0.5714285714285714,1
197,0.3736690467242891,0.0,0.0,0.015126992566498259,0,1,0,0,1,0,0,0,0,0,0,0,0,0,1,0,0.0,0
198,0.5239884755104597,0.0,0.1111111111111111,0.01640390592611157,0,1,0,0,1,0,0,0,0,0,0,0,0,0,0,1,0.42857142857142855,0
199,0.3736690467242891,0.0,0.0,0.015126992566498259,1,0,0,0,1,0,0,0,0,0,0,0,0,0,1,0,0.5714285714285714,1
200,0.2985093323312038,0.0,0.0,0.025374310111545468,1,0,0,1,0,0,0,0,0,0,0,0,0,0,0,1,0.0,0
201,0.3486158085932607,0.0,0.0,0.018542765081513996,0,1,0,0,1,0,0,0,0,0,0,0,0,0,0,1,0.0,0
202,0.3736690467242891,1.0,0.2222222222222222,0.13575255909676823,0,1,0,0,1,0,0,0,0,0,0,0,0,0,0,1,0.5194805194805194,0
203,0.42377552298634596,0.0,0.0,0.012678957201736696,0,1,0,0,1,0,0,0,0,0,0,0,0,0,0,1,0.0,0
204,0.5678316422397595,0.0,0.0,0.014102260811993537,0,1,0,0,1,0,0,0,0,0,0,0,0,1,0,0,0.0,0
205,0.22334961793811847,0.0,0.0,0.015712553569072387,0,1,0,0,1,0,0,0,0,0,0,0,0,0,0,1,0.5714285714285714,1
206,0.02292371288989102,0.0,0.1111111111111111,0.02042143996477265,1,0,0,0,1,0,0,0,0,0,0,1,0,0,0,1,0.2857142857142857,0
207,0.3987222848553175,0.125,0.0,0.030937139635999665,0,1,0,0,1,0,0,0,0,0,0,0,0,0,0,1,0.5714285714285714,0
208,0.32356257046223225,0.0,0.0,0.036670757786204655,0,1,0,0,1,0,0,0,0,0,0,0,0,1,0,0,0.5714285714285714,1
209,0.19829637980709008,0.0,0.0,0.015126992566498259,1,0,0,0,1,0,0,0,0,0,0,0,0,0,1,0,0.5714285714285714,1
210,0.4989352373794313,0.0,0.0,0.060507970265993034,0,1,1,0,0,1,0,0,0,0,0,0,0,1,0,0,0.5714285714285714,1
211,0.2985093323312038,0.0,0.0,0.013760683560491965,0,1,0,0,1,0,0,0,0,0,0,0,0,0,0,1,0.2857142857142857,0
212,0.4363021420518602,0.0,0.0,0.04098927018018883,1,0,0,1,0,0,0,0,0,0,0,0,0,0,0,1,0.5714285714285714,1
213,0.27345609420017536,0.0,0.0,0.014151057562208049,0,1,0,0,1,0,0,0,0,0,0,0,0,0,0,1,0.0,0
214,0.3736690467242891,0.0,0.0,0.025374310111545468,0,1,0,1,0,0,0,0,0,0,0,0,0,0,0,1,0.0,0
215,0.3736690467242891,0.125,0.0,0.015126992566498259,0,1,0,0,1,0,0,0,0,0,0,0,0,0,1,0,0.2857142857142857,0
216,0.3861956657898033,0.125,0.0,0.22109807522194713,1,0,1,0,0,0,0,0,1,0,0,0,0,1,0,0,0.7619047619047619,1
217,0.33608918952774647,0.0,0.0,0.015468569817999833,1,0,0,0,1,0,0,0,0,0,0,0,0,0,0,1,0.5714285714285714,1
218,0.5239884755104597,0.125,0.0,0.05270049023167135,0,1,0,1,0,0,0,0,0,0,0,0,0,0,0,1,0.5714285714285714,0
219,0.3987222848553175,0.0,0.0,0.14891148113361488,1,0,1,0,0,0,0,0,1,0,0,0,0,1,0,0,0.5714285714285714,1
220,0.3736690467242891,0.0,0.0,0.020494635090094415,0,1,0,1,0,0,0,0,0,0,0,0,0,0,0,1,0.7142857142857143,0
221,0.19829637980709008,0.0,0.0,0.015712553569072387,0,1,0,0,1,0,0,0,0,0,0,0,0,0,0,1,0.5714285714285714,1
222,0.33608918952774647,0.0,0.0,0.025374310111545468,0,1,0,1,0,0,0,0,0,0,0,0,0,0,0,1,0.0,0
223,0.6367280471000877,0.0,0.0,0.015712553569072387,0,1,0,0,1,0,0,0,0,0,0,0,0,0,0,1,0.0,0
224,0.3736690467242891,0.0,0.0,0.015411575213749284,0,1,0,0,1,0,0,0,0,0,0,0,0,0,0,1,0.0,0
225,0.47388199924840285,0.125,0.0,0.17566830077223786,0,1,1,0,0,0,0,1,0,0,0,0,0,0,0,1,0.7619047619047619,1
226,0.27345609420017536,0.0,0.0,0.01824998458022693,0,1,0,0,1,0,0,0,0,0,0,0,0,0,0,1,0.0,0
227,0.2358762370036327,0.0,0.0,0.020494635090094415,0,1,0,1,0,0,0,0,0,0,0,0,0,0,0,1,0.5714285714285714,1
228,0.254666165601904,0.0,0.0,0.014151057562208049,0,1,0,0,1,0,0,0,0,0,0,0,0,0,0,1,0.0,0
229,0.22334961793811847,0.0,0.0,0.025374310111545468,0,1,0,1,0,0,0,0,0,0,0,0,0,0,0,1,0.0,0
230,0.3736690467242891,0.375,0.1111111111111111,0.04970768794751499,1,0,0,0,1,0,0,0,0,0,0,0,0,0,0,1,0.4571428571428572,0
231,0.4363021420518602,0.125,0.0,0.16293234896625058,1,0,1,0,0,0,0,1,0,0,0,0,0,0,0,1,0.7142857142857143,1
232,0.36114242765877486,0.0,0.0,0.015175789316712771,0,1,0,0,1,0,0,0,0,0,0,0,0,0,0,1,0.2857142857142857,0
233,0.7369409996242015,0.0,0.0,0.026350245115835676,0,1,0,1,0,0,0,0,0,0,0,0,0,0,0,1,0.0,0
234,0.06050357008643367,0.5,0.2222222222222222,0.061264319894317944,1,0,0,0,1,0,0,0,0,0,0,0,0,0,0,1,0.7142857142857143,1
235,0.2985093323312038,0.0,0.0,0.020494635090094415,0,1,0,1,0,0,0,0,0,0,0,0,0,0,0,1,0.0,0
236,0.3736690467242891,0.0,0.0,0.014736618564782174,1,0,0,0,1,0,0,0,0,0,0,0,0,0,0,1,0.0,0
237,0.5490417136414881,0.125,0.0,0.050748620223090936,0,1,0,1,0,0,0,0,0,0,0,0,0,0,0,1,0.2857142857142857,0
238,0.09808342728297632,0.0,0.2222222222222222,0.05123658772523604,1,0,0,1,0,0,0,0,0,0,0,0,0,0,0,1,0.7619047619047619,1
239,0.2358762370036327,0.0,0.0,0.020494635090094415,0,1,0,1,0,0,0,0,0,0,0,0,0,0,0,1,0.0,0
240,0.41124890392083174,0.0,0.0,0.023959204355324663,0,1,0,1,0,0,0,0,0,0,0,0,0,0,0,1,0.0,0
241,0.3736690467242891,0.125,0.0,0.028212719478023115,1,0,0,0,1,0,0,0,0,0,0,0,0,1,0,0,0.2857142857142857,0
242,0.3736690467242891,0.125,0.0,0.030253985132996517,1,0,0,0,1,0,0,0,0,0,0,0,0,0,1,0,0.7619047619047619,1
243,0.36114242765877486,0.0,0.0,0.020494635090094415,0,1,0,1,0,0,0,0,0,0,0,0,0,0,0,1,0.0,0
244,0.27345609420017536,0.0,0.0,0.013907073811135496,0,1,0,0,1,0,0,0,0,0,0,0,0,0,0,1,0.0,0
245,0.3736690467242891,0.0,0.0,0.014102260811993537,0,1,0,0,1,0,0,0,0,0,0,0,0,1,0,0,0.2857142857142857,0
246,0.5490417136414881,0.25,0.0,0.17566830077223786,0,1,1,0,0,0,0,1,0,0,0,0,0,0,1,0,0.5714285714285714,0
247,0.311035951396718,0.0,0.0,0.015175789316712771,1,0,0,0,1,0,0,0,0,0,0,0,0,0,0,1,0.0,0
248,0.2985093323312038,0.0,0.2222222222222222,0.028302115124416098,1,0,0,1,0,0,0,0,0,0,0,0,0,0,0,1,0.8571428571428571,1
249,0.46135538018288863,0.125,0.1111111111111111,0.10257896680493714,0,1,1,0,0,0,0,0,1,0,0,0,0,0,0,1,0.8571428571428571,1
250,0.6743079042966303,0.125,0.0,0.050748620223090936,0,1,0,1,0,0,0,0,0,0,0,0,0,0,0,1,0.8571428571428571,0
251,0.3736690467242891,0.0,0.0,0.014151057562208049,0,1,0,0,1,0,0,0,0,0,0,0,0,0,0,1,0.0,0
252,0.36114242765877486,0.125,0.1111111111111111,0.02042143996477265,1,0,0,0,1,0,0,0,0,0,0,1,0,0,0,1,0.2857142857142857,0
253,0.7745208568207441,0.0,0.0,0.051822148727810165,0,1,1,0,0,0,0,1,0,0,0,0,0,0,0,1,0.0,0
254,0.3736690467242891,0.125,0.0,0.031425107138144774,0,1,0,0,1,0,0,0,0,0,0,0,0,0,0,1,0.2857142857142857,0
255,0.5114618564449455,0.0,0.2222222222222222,0.039452172548431745,1,0,0,0,1,0,0,0,0,0,0,0,0,0,0,1,0.380952380952381,0
256,0.36114242765877486,0.0,0.2222222222222222,0.029757819776815374,1,0,0,0,1,0,0,0,0,0,0,0,0,1,0,0,0.5714285714285714,1
257,0.3736690467242891,0.0,0.0,0.15458810467956932,1,0,1,0,0,0,0,0,0,0,0,0,0,1,0,0,0.5714285714285714,1
258,0.3736690467242891,0.0,0.0,0.16883675574220638,1,0,1,0,0,0,1,0,0,0,0,0,0,0,0,1,0.5714285714285714,1
259,0.4363021420518602,0.0,0.0,1.0,1,0,1,0,0,0,0,0,0,0,0,0,0,1,0,0,0.5714285714285714,1
260,0.6242014280345735,0.0,0.1111111111111111,0.050748620223090936,1,0,0,1,0,0,0,0,0,0,0,0,0,0,0,1,0.5714285714285714,1
261,0.3736690467242891,0.0,0.0,0.015126992566498259,0,1,0,0,1,0,0,0,0,0,0,0,0,0,1,0,0.5714285714285714,0
262,0.035450331955405236,0.5,0.2222222222222222,0.061264319894317944,0,1,0,0,1,0,0,0,0,0,0,0,0,0,0,1,0.7142857142857143,1
263,0.6492546661656019,0.125,0.1111111111111111,0.1554664461834305,0,1,1,0,0,0,0,0,0,1,0,0,0,0,0,1,0.7619047619047619,0
264,0.4989352373794313,0.0,0.0,0.0,0,1,1,0,0,0,1,0,0,0,0,0,0,0,0,1,0.0,0
265,0.3736690467242891,0.0,0.0,0.015126992566498259,1,0,0,0,1,0,0,0,0,0,0,0,0,0,1,0,0.0,0
266,0.4488287611173744,0.0,0.0,0.020494635090094415,0,1,0,1,0,0,0,0,0,0,0,0,0,0,0,1,0.0,0
267,0.19829637980709008,0.5,0.1111111111111111,0.07746484096553544,0,1,0,0,1,0,0,0,0,0,0,0,0,0,0,1,0.4761904761904762,0
268,0.311035951396718,0.125,0.0,0.015175789316712771,0,1,0,0,1,0,0,0,0,0,0,0,0,0,0,1,0.5714285714285714,1
269,0.7244143805586872,0.0,0.1111111111111111,0.2995388511917728,1,0,1,0,0,0,0,1,0,0,0,0,0,0,0,1,0.7619047619047619,1
270,0.4363021420518602,0.0,0.0,0.2647385704347907,1,0,1,0,0,0,0,1,0,0,0,0,0,0,0,1,0.5714285714285714,1
271,0.3736690467242891,0.0,0.0,0.060507970265993034,0,1,1,0,0,0,0,0,0,0,0,0,0,0,0,1,0.0,0
272,0.311035951396718,0.0,0.0,0.0,0,1,0,0,1,0,0,0,0,0,0,0,0,0,0,1,0.5714285714285714,1
273,0.5114618564449455,0.0,0.1111111111111111,0.0380614651673182,1,0,0,1,0,0,0,0,0,0,0,0,0,0,0,1,0.8571428571428571,1
274,0.46135538018288863,0.0,0.1111111111111111,0.057970539254838485,0,1,1,0,0,0,0,1,0,0,0,0,0,1,0,0,0.0,0
275,0.3736690467242891,0.0,0.0,0.015126992566498259,1,0,0,0,1,0,0,0,0,0,0,0,0,0,1,0,0.5714285714285714,1
276,0.7870474758862583,0.125,0.0,0.15216446768991498,1,0,1,0,0,0,0,0,1,0,0,0,0,0,0,1,0.5714285714285714,1
277,0.5615683327070023,0.0,0.0,0.015126992566498259,1,0,0,0,1,0,0,0,0,0,0,0,0,0,0,1,0.0,0
278,0.3736690467242891,0.0,0.0,0.0,0,1,0,1,0,0,0,0,0,0,0,0,0,0,0,1,0.0,0
279,0.08555680821746212,0.5,0.1111111111111111,0.056848213999904744,0,1,0,0,1,0,0,0,0,0,0,0,0,0,1,0,0.4761904761904762,0
280,0.4363021420518602,0.125,0.1111111111111111,0.03952536767375352,1,0,0,0,1,0,0,0,0,0,0,0,0,0,0,1,0.5714285714285714,1
281,0.8121007140172868,0.0,0.0,0.015126992566498259,0,1,0,0,1,0,0,0,0,0,0,0,0,0,1,0,0.0,0
282,0.3486158085932607,0.0,0.0,0.015330377421392339,0,1,0,0,1,0,0,0,0,0,0,0,0,0,0,1,0.380952380952381,0
283,0.19829637980709008,0.0,0.0,0.018542765081513996,0,1,0,0,1,0,0,0,0,0,0,0,0,0,0,1,0.0,0
284,0.2358762370036327,0.0,0.0,0.015712553569072387,0,1,0,0,1,0,0,0,0,0,0,0,0,0,0,1,0.5714285714285714,1
285,0.3736690467242891,0.0,0.0,0.050748620223090936,0,1,1,0,0,1,0,0,0,0,0,0,0,0,0,1,0.5714285714285714,0
286,0.41124890392083174,0.0,0.0,0.016908073949327893,0,1,0,0,1,0,0,0,0,0,0,0,0,1,0,0,0.0,0
287,0.3736690467242891,0.0,0.0,0.018542765081513996,0,1,0,0,1,0,0,0,0,0,0,0,0,0,0,1,0.5714285714285714,1
288,0.27345609420017536,0.0,0.0,0.015411575213749284,0,1,0,0,1,0,0,0,0,0,0,0,0,0,0,1,0.0,0
289,0.5239884755104597,0.0,0.0,0.025374310111545468,0,1,0,1,0,0,0,0,0,0,0,0,0,0,0,1,0.5714285714285714,1
290,0.27345609420017536,0.0,0.0,0.015126992566498259,1,0,0,0,1,0,0,0,0,0,0,0,0,0,1,0,0.5714285714285714,1
291,0.32356257046223225,0.0,0.0,0.15390495017656614,1,0,1,0,0,0,0,0,0,0,0,0,0,0,0,1,0.5714285714285714,1
292,0.2358762370036327,0.125,0.0,0.17777475888549785,1,0,1,0,0,0,1,0,0,0,0,0,0,1,0,0,0.8571428571428571,1
293,0.4488287611173744,0.0,0.0,0.025130326360472913,0,1,0,1,0,0,0,0,1,0,0,0,0,1,0,0,0.0,0
294,0.2985093323312038,0.0,0.0,0.01727404957593672,1,0,0,0,1,0,0,0,0,0,0,0,0,0,0,1,0.0,0
295,0.2985093323312038,0.0,0.0,0.015411575213749284,0,1,0,0,1,0,0,0,0,0,0,0,0,0,0,1,0.0,0
296,0.3736690467242891,0.0,0.0,0.05410739813385612,0,1,1,0,0,0,0,0,0,0,0,0,0,1,0,0,0.0,0
297,0.2922460227984467,0.0,0.0,0.014110458666029575,0,1,0,0,1,0,0,0,0,0,0,0,0,1,0,0,0.0,0
298,0.02292371288989102,0.125,0.2222222222222222,0.29580589980036276,1,0,1,0,0,0,0,1,0,0,0,0,0,0,0,1,0.5714285714285714,0
299,0.3736690467242891,0.0,0.0,0.05953203526170282,0,1,1,0,0,0,0,1,0,0,0,0,0,0,0,1,0.5714285714285714,1
300,0.6242014280345735,0.0,0.1111111111111111,0.4831284260198326,1,0,1,0,0,0,1,0,0,0,0,0,0,1,0,0,0.5714285714285714,1
301,0.3736690467242891,0.0,0.0,0.015126992566498259,1,0,0,0,1,0,0,0,0,0,0,0,0,0,1,0,0.7999999999999999,1
302,0.3736690467242891,0.25,0.0,0.04538097769949478,0,1,0,0,1,0,0,0,0,0,0,0,0,0,1,0,0.7619047619047619,1
303,0.2358762370036327,0.0,0.0,0.0,0,1,0,0,1,0,0,0,0,0,0,0,0,0,0,1,0.7619047619047619,0
304,0.3736690467242891,0.0,0.0,0.024105594605968193,1,0,0,1,0,0,0,0,0,1,0,0,0,0,1,0,0.5714285714285714,1
305,0.3736690467242891,0.0,0.0,0.015712553569072387,0,1,0,0,1,0,0,0,0,0,0,0,0,0,0,1,0.5714285714285714,0
306,0.009394964299135663,0.125,0.2222222222222222,0.29580589980036276,0,1,1,0,0,0,0,1,0,0,0,0,0,0,0,1,0.5714285714285714,1
307,0.3736690467242891,0.0,0.0,0.21642978772242535,1,0,1,0,0,0,0,0,0,0,0,0,0,1,0,0,0.5714285714285714,1
308,0.21082299887260428,0.125,0.0,0.2125586439344078,1,0,1,0,0,0,0,1,0,0,0,0,0,1,0,0,0.5714285714285714,1
309,0.3736690467242891,0.125,0.0,0.04684488020593009,0,1,0,1,0,0,0,0,0,0,0,0,0,1,0,0,0.5714285714285714,0
310,0.3736690467242891,0.0,0.0,0.11111839809247648,1,0,1,0,0,0,0,0,0,1,0,0,0,1,0,0,0.5714285714285714,1
311,0.2985093323312038,0.0,0.0,0.16231419173453318,1,0,1,0,0,0,0,1,0,0,0,0,0,1,0,0,0.7619047619047619,1
312,0.22334961793811847,0.25,0.2222222222222222,0.5121218935012878,1,0,1,0,0,0,1,0,0,0,0,0,0,1,0,0,0.6857142857142857,1
313,0.32356257046223225,0.125,0.1111111111111111,0.050748620223090936,1,0,0,1,0,0,0,0,0,0,0,0,0,0,0,1,0.2857142857142857,0
314,0.3486158085932607,0.0,0.0,0.015411575213749284,0,1,0,0,1,0,0,0,0,0,0,0,0,0,0,1,0.0,0
315,0.5365150945759739,0.125,0.1111111111111111,0.05123658772523604,0,1,0,1,0,0,0,0,0,0,0,0,0,0,0,1,0.7142857142857143,0
316,0.32356257046223225,0.0,0.0,0.015330377421392339,1,0,0,0,1,0,0,0,0,0,0,0,0,0,0,1,0.5714285714285714,1
317,0.2985093323312038,0.125,0.0,0.050748620223090936,1,0,0,1,0,0,0,0,0,0,0,0,0,0,0,1,0.5714285714285714,1
318,0.6743079042966303,0.0,0.0,0.027326180120125887,0,1,0,1,0,0,0,0,0,0,0,0,0,0,0,1,0.0,0
319,0.3861956657898033,0.0,0.2222222222222222,0.32179836714362564,1,0,1,0,0,0,0,1,0,0,0,0,0,0,0,1,0.7619047619047619,1
320,0.4989352373794313,0.125,0.1111111111111111,0.2625265161540666,1,0,1,0,0,0,0,0,0,1,0,0,0,1,0,0,0.5714285714285714,1
321,0.27345609420017536,0.0,0.0,0.014151057562208049,0,1,0,0,1,0,0,0,0,0,0,0,0,0,0,1,0.2857142857142857,0
322,0.33608918952774647,0.0,0.0,0.015411575213749284,0,1,0,0,1,0,0,0,0,0,0,0,0,0,0,1,0.0,0
323,0.3736690467242891,0.0,0.0,0.024105594605968193,1,0,0,1,0,0,0,0,0,0,0,0,0,0,1,0,0.5714285714285714,1
324,0.27345609420017536,0.125,0.1111111111111111,0.056604230248832196,1,0,0,1,0,0,0,0,0,0,0,0,0,0,0,1,0.7619047619047619,1
325,0.3736690467242891,1.0,0.2222222222222222,0.13575255909676823,0,1,0,0,1,0,0,0,0,0,0,0,0,0,0,1,0.5194805194805194,0
326,0.4488287611173744,0.0,0.0,0.2647385704347907,1,0,1,0,0,0,0,1,0,0,0,0,0,1,0,0,0.5714285714285714,1
327,0.7619942377552299,0.0,0.0,0.012174789178520372,0,1,0,0,1,0,0,0,0,0,0,0,0,0,0,1,0.0,0
328,0.4488287611173744,0.0,0.0,0.025374310111545468,1,0,0,1,0,0,0,0,1,0,0,0,0,0,0,1,0.5714285714285714,1
329,0.3861956657898033,0.125,0.1111111111111111,0.04006213192611313,1,0,0,0,1,0,0,0,0,0,0,0,0,0,0,1,0.7142857142857143,1
330,0.19829637980709008,0.0,0.1111111111111111,0.11316786160148591,1,0,1,0,0,0,1,0,0,0,0,0,0,1,0,0,0.8571428571428571,1
331,0.3736690467242891,0.25,0.0,0.04538097769949478,1,0,0,0,1,0,0,0,0,0,0,0,0,0,1,0,0.7619047619047619,1
332,0.5678316422397595,0.0,0.0,0.055628295244541985,0,1,1,0,0,0,0,1,0,0,0,0,0,0,0,1,0.0,0
333,0.47388199924840285,0.0,0.1111111111111111,0.2995388511917728,0,1,1,0,0,0,0,1,0,0,0,0,0,0,0,1,0.7619047619047619,0
334,0.19829637980709008,0.25,0.0,0.03513366015444757,0,1,0,0,1,0,0,0,0,0,0,0,0,0,0,1,0.42857142857142855,0
335,0.3736690467242891,0.125,0.0,0.2608674266467732,1,0,1,0,0,0,0,0,0,0,0,0,0,0,0,1,0.7619047619047619,1
336,0.3736690467242891,0.0,0.0,0.015411575213749284,0,1,0,0,1,0,0,0,0,0,0,0,0,0,0,1,0.0,0
337,0.36114242765877486,0.125,0.0,0.12999454257145598,0,1,1,0,0,0,0,1,0,0,0,0,0,0,0,1,0.5714285714285714,0
338,0.5114618564449455,0.0,0.0,0.2625265161540666,1,0,1,0,0,0,0,0,0,1,0,0,0,1,0,0,0.5714285714285714,1
339,0.5615683327070023,0.0,0.0,0.015712553569072387,0,1,0,0,1,0,0,0,0,0,0,0,0,0,0,1,0.5714285714285714,1
340,0.5615683327070023,0.0,0.0,0.06929138530460492,0,1,1,0,0,0,0,0,0,0,0,0,1,0,0,1,0.0,0
341,0.02292371288989102,0.125,0.1111111111111111,0.050748620223090936,0,1,0,1,0,0,0,0,0,0,1,0,0,0,0,1,0.7619047619047619,1
342,0.2985093323312038,0.375,0.2222222222222222,0.5133418122566505,1,0,1,0,0,0,0,1,0,0,0,0,0,0,0,1,0.6666666666666667,1
343,0.3486158085932607,0.0,0.0,0.025374310111545468,0,1,0,1,0,0,0,0,0,0,0,0,0,0,0,1,0.0,0
344,0.311035951396718,0.0,0.0,0.025374310111545468,0,1,0,1,0,0,0,0,0,0,0,0,0,0,0,1,0.0,0
345,0.4488287611173744,0.0,0.0,0.025374310111545468,0,1,0,1,0,0,0,0,0,0,0,0,0,0,0,1,0.2857142857142857,0
346,0.2985093323312038,0.0,0.0,0.025374310111545468,1,0,0,1,0,0,0,0,0,0,1,0,0,0,0,1,0.7619047619047619,1
347,0.4989352373794313,0.0,0.0,0.025374310111545468,1,0,0,1,0,0,0,0,0,0,0,0,0,0,0,1,0.5714285714285714,1
348,0.3736690467242891,0.125,0.0,0.031425107138144774,1,0,0,0,1,0,0,0,0,0,0,0,0,0,0,1,0.5714285714285714,1
349,0.035450331955405236,0.125,0.1111111111111111,0.031034733136428686,0,1,0,0,1,0,0,0,0,0,0,0,0,0,0,1,0.7619047619047619,1
350,0.5239884755104597,0.0,0.0,0.016908073949327893,0,1,0,0,1,0,0,0,0,0,0,0,0,0,0,1,0.0,0
351,0.2859827132656896,0.0,0.0,0.01800600082915438,0,1,0,0,1,0,0,0,0,0,0,0,0,0,0,1,0.0,0
352,0.3736690467242891,0.0,0.0,0.06831545030031472,0,1,1,0,0,0,0,1,0,0,0,0,0,0,0,1,0.0,0
353,0.18576976074157586,0.125,0.1111111111111111,0.014110458666029575,0,1,0,0,1,0,0,0,0,0,0,0,0,1,0,0,0.42857142857142855,0
354,0.311035951396718,0.125,0.0,0.034743286152731485,0,1,0,0,1,0,0,0,0,0,0,0,0,0,0,1,0.2857142857142857,0
355,0.3736690467242891,0.0,0.0,0.014102260811993537,0,1,0,0,1,0,0,0,0,0,0,0,0,1,0,0,0.0,0
356,0.3486158085932607,0.0,0.0,0.018542765081513996,0,1,0,0,1,0,0,0,0,0,0,0,0,0,0,1,0.0,0
357,0.27345609420017536,0.0,0.1111111111111111,0.10735285047192313,1,0,1,0,0,0,0,0,0,1,0,0,0,0,0,1,0.5714285714285714,1
358,0.47388199924840285,0.0,0.0,0.025374310111545468,1,0,0,1,0,0,0,0,0,0,0,0,0,0,0,1,0.0,0
359,0.3736690467242891,0.0,0.0,0.01537917417160685,1,0,0,0,1,0,0,0,0,0,0,0,0,0,1,0,0.5714285714285714,1
360,0.3736690467242891,0.0,0.0,0.01537917417160685,1,0,0,0,1,0,0,0,0,0,0,0,0,0,1,0,0.5714285714285714,1
361,0.4989352373794313,0.125,0.4444444444444444,0.05445717323939373,0,1,0,0,1,0,0,0,0,0,0,0,0,0,0,1,0.4761904761904762,0
362,0.36114242765877486,0.125,0.0,0.05410739813385612,0,1,0,1,0,0,0,0,0,0,0,0,0,1,0,0,0.2857142857142857,0
363,0.5615683327070023,0.0,0.1111111111111111,0.028212719478023115,1,0,0,0,1,0,0,0,0,0,0,0,0,1,0,0,0.2857142857142857,0
364,0.4363021420518602,0.0,0.0,0.013760683560491965,0,1,0,0,1,0,0,0,0,0,0,0,0,0,0,1,0.0,0
365,0.3736690467242891,0.125,0.0,0.030253985132996517,0,1,0,0,1,0,0,0,0,0,0,0,0,0,1,0,0.5714285714285714,0
366,0.3736690467242891,0.0,0.0,0.014151057562208049,0,1,0,0,1,0,0,0,0,0,0,0,0,0,0,1,0.0,0
367,0.7494676186897157,0.125,0.0,0.14687821814567664,1,0,1,0,0,0,0,0,1,0,0,0,0,1,0,0,0.5714285714285714,1
368,0.3736690467242891,0.0,0.0,0.014110458666029575,1,0,0,0,1,0,0,0,0,0,0,0,0,1,0,0,0.5714285714285714,1
369,0.3736690467242891,0.0,0.0,0.015126992566498259,1,0,0,0,1,0,0,0,0,0,0,0,0,0,1,0,0.5714285714285714,1
370,0.2985093323312038,0.0,0.0,0.13526459159462315,1,0,1,0,0,0,1,0,0,0,0,0,0,1,0,0,0.5714285714285714,1
371,0.311035951396718,0.125,0.0,0.1082149914547131,0,1,1,0,0,0,0,0,0,1,0,0,0,1,0,0,0.5714285714285714,1
372,0.22334961793811847,0.125,0.0,0.012678957201736696,0,1,0,0,1,0,0,0,0,0,0,0,0,0,0,1,0.2857142857142857,0
373,0.2358762370036327,0.0,0.0,0.015712553569072387,0,1,0,0,1,0,0,0,0,0,0,0,0,0,0,1,0.0,0
374,0.27345609420017536,0.0,0.0,0.2647385704347907,0,1,1,0,0,0,0,0,0,0,0,0,0,1,0,0,0.0,0
375,0.035450331955405236,0.375,0.1111111111111111,0.04113566043083236,1,0,0,0,1,0,0,0,0,0,0,0,0,0,0,1,0.4571428571428572,0
376,0.3736690467242891,0.125,0.0,0.16038672010106,1,0,1,0,0,0,0,0,0,0,0,0,0,1,0,0,0.5714285714285714,1
377,0.27345609420017536,0.0,0.0,0.014151057562208049,1,0,0,0,1,0,0,0,0,0,0,0,0,0,0,1,0.5714285714285714,1
378,0.33608918952774647,0.0,0.2222222222222222,0.41282050681475896,0,1,1,0,0,0,0,1,0,0,0,0,0,1,0,0,0.380952380952381,0
379,0.24840285606914692,0.0,0.0,0.007831878409428937,0,1,0,0,1,0,0,0,0,0,0,0,0,1,0,0,0.2857142857142857,0
380,0.2358762370036327,0.0,0.0,0.015175789316712771,0,1,0,0,1,0,0,0,0,0,0,0,0,0,0,1,0.42857142857142855,0
381,0.5239884755104597,0.0,0.0,0.4440992237022602,1,0,1,0,0,0,0,0,0,0,0,0,0,1,0,0,0.5714285714285714,1
382,0.0103970938243768,0.0,0.2222222222222222,0.030725752114070404,1,0,0,0,1,0,0,0,0,0,0,0,0,1,0,0,0.7619047619047619,1
383,0.3987222848553175,0.0,0.0,0.015468569817999833,0,1,0,0,1,0,0,0,0,0,0,0,0,0,0,1,0.0,0
384,0.4363021420518602,0.125,0.0,0.10149724044618187,1,0,1,0,0,0,0,0,0,0,0,0,0,0,0,1,0.5714285714285714,1
385,0.3736690467242891,0.0,0.0,0.015411575213749284,0,1,0,0,1,0,0,0,0,0,0,0,0,0,0,1,0.0,0
386,0.22334961793811847,0.0,0.0,0.1434624456306609,0,1,0,1,0,0,0,0,0,0,0,0,0,0,0,1,0.5714285714285714,0
387,0.0103970938243768,0.625,0.2222222222222222,0.09154270340242172,0,1,0,0,1,0,0,0,0,0,0,0,0,0,0,1,0.5,0
388,0.4488287611173744,0.0,0.0,0.025374310111545468,1,0,0,1,0,0,0,0,0,0,0,0,0,0,0,1,0.5714285714285714,1
389,0.3736690467242891,0.0,0.0,0.015086393670319786,0,1,0,0,1,0,0,0,0,0,0,0,0,0,1,0,0.0,0
390,0.21082299887260428,0.0,0.0,0.023422440102965045,1,0,0,1,0,0,0,0,0,0,0,0,0,1,0,0,0.5714285714285714,1
391,0.4488287611173744,0.125,0.2222222222222222,0.23422440102965045,0,1,1,0,0,0,1,0,0,0,0,0,0,0,0,1,0.8571428571428571,1
392,0.26092947513466114,0.0,0.0,0.015216388212891242,0,1,0,0,1,0,0,0,0,0,0,0,0,0,0,1,0.5714285714285714,1
393,0.3486158085932607,0.25,0.0,0.015468569817999833,0,1,0,0,1,0,0,0,0,0,0,0,0,0,0,1,0.42857142857142855,0
394,0.2859827132656896,0.125,0.0,0.22109807522194713,1,0,1,0,0,0,0,0,1,0,0,0,0,1,0,0,0.7619047619047619,1
395,0.2985093323312038,0.0,0.2222222222222222,0.03259622914329302,1,0,0,0,1,0,0,0,0,0,0,1,0,0,0,1,0.7619047619047619,1
396,0.27345609420017536,0.0,0.0,0.015216388212891242,0,1,0,0,1,0,0,0,0,0,0,0,0,0,0,1,0.42857142857142855,0
397,0.3861956657898033,0.0,0.0,0.015330377421392339,1,0,0,0,1,0,0,0,0,0,0,0,0,0,0,1,0.380952380952381,0
398,0.5740949517725166,0.0,0.0,0.050748620223090936,0,1,0,1,0,0,0,0,0,0,0,0,0,0,0,1,0.0,0
399,0.2859827132656896,0.0,0.0,0.020494635090094415,0,1,0,1,0,0,0,0,0,0,0,0,0,0,0,1,0.0,0
400,0.3486158085932607,0.0,0.0,0.02469115560854232,1,0,0,1,0,0,0,0,0,0,0,0,0,0,0,1,0.5714285714285714,1
401,0.4864086183139171,0.0,0.0,0.015468569817999833,0,1,0,0,1,0,0,0,0,0,0,0,0,0,0,1,0.5714285714285714,1
402,0.32356257046223225,0.0,0.0,0.015712553569072387,0,1,0,0,1,0,0,0,0,0,0,0,0,0,0,1,0.0,0
403,0.26092947513466114,0.125,0.0,0.019177122834302632,1,0,0,0,1,0,0,0,0,0,0,0,0,0,0,1,0.5714285714285714,0
404,0.3486158085932607,0.125,0.0,0.030937139635999665,0,1,0,0,1,0,0,0,0,0,0,0,0,0,0,1,0.5714285714285714,0
405,0.24840285606914692,0.0,0.0,0.016908073949327893,1,0,0,0,1,0,0,0,0,0,0,0,0,0,0,1,0.380952380952381,0
406,0.42377552298634596,0.125,0.0,0.04098927018018883,0,1,0,1,0,0,0,0,0,0,0,0,0,0,0,1,0.2857142857142857,0
407,0.6367280471000877,0.0,0.0,0.015126992566498259,0,1,0,0,1,0,0,0,0,0,0,0,0,0,0,1,0.0,0
408,0.035450331955405236,0.125,0.1111111111111111,0.03659756266088288,0,1,0,1,0,0,0,0,0,0,0,0,0,0,0,1,0.9523809523809523,1
409,0.26092947513466114,0.0,0.0,0.015175789316712771,0,1,0,0,1,0,0,0,0,0,0,0,0,0,0,1,0.0,0
410,0.3736690467242891,0.375,0.1111111111111111,0.04970768794751499,1,0,0,0,1,0,0,0,0,0,0,0,0,0,0,1,0.4571428571428572,0
411,0.3736690467242891,0.0,0.0,0.015411575213749284,0,1,0,0,1,0,0,0,0,0,0,0,0,0,0,1,0.0,0
412,0.3736690467242891,0.0,0.0,0.013386510079847098,0,1,0,0,1,0,0,0,0,0,0,0,0,0,1,0,0.7142857142857143,0
413,0.41124890392083174,0.125,0.0,0.17566830077223786,1,0,1,0,0,0,0,1,0,0,0,0,0,0,1,0,0.5714285714285714,1
414,0.3736690467242891,0.0,0.0,0.0,0,1,0,1,0,0,0,0,0,0,0,0,0,0,0,1,0.0,0
415,0.5490417136414881,0.0,0.0,0.015468569817999833,0,1,0,0,1,0,0,0,0,0,0,0,0,0,0,1,0.5714285714285714,1
416,0.3736690467242891,0.0,0.0,0.015712553569072387,1,0,0,0,1,0,0,0,0,0,0,0,0,0,0,1,0.0,0
417,0.42377552298634596,0.125,0.1111111111111111,0.06343577527886367,1,0,0,1,0,0,0,0,0,0,0,0,0,0,0,1,0.5714285714285714,1
418,0.22334961793811847,0.0,0.2222222222222222,0.025374310111545468,1,0,0,1,0,0,0,0,0,0,0,0,0,0,0,1,0.5714285714285714,1
419,0.3736690467242891,0.0,0.0,0.025374310111545468,0,1,0,1,0,0,0,0,0,0,0,0,0,0,0,1,0.0,0
420,0.12313666541400477,0.0,0.2222222222222222,0.04713766070721715,1,0,0,0,1,0,0,0,0,0,0,0,0,0,0,1,0.380952380952381,0
421,0.3736690467242891,0.0,0.0,0.015411575213749284,0,1,0,0,1,0,0,0,0,0,0,0,0,1,0,0,0.0,0
422,0.26092947513466114,0.0,0.0,0.015094396337354966,0,1,0,0,1,0,0,0,0,0,0,0,0,0,1,0,0.0,0
423,0.36114242765877486,0.0,0.0,0.015370976317570811,0,1,0,0,1,0,0,0,0,0,0,0,0,0,0,1,0.0,0
424,0.3486158085932607,0.125,0.1111111111111111,0.028106928123558056,1,0,0,0,1,0,0,0,0,0,0,0,0,0,0,1,0.380952380952381,0
425,0.22334961793811847,0.125,0.1111111111111111,0.039452172548431745,0,1,0,0,1,0,0,0,0,0,0,0,0,0,0,1,0.380952380952381,0
426,0.3736690467242891,0.0,0.0,0.014151057562208049,0,1,0,0,1,0,0,0,0,0,0,0,0,0,0,1,0.0,0
427,0.3486158085932607,0.125,0.0,0.050748620223090936,1,0,0,1,0,0,0,0,0,0,0,0,0,0,0,1,0.5714285714285714,1
428,0.2358762370036327,0.0,0.0,0.050748620223090936,1,0,0,1,0,0,0,0,0,0,0,0,0,0,0,1,0.5714285714285714,1
429,0.3736690467242891,0.0,0.0,0.015126992566498259,0,1,0,0,1,0,0,0,0,0,0,0,0,0,1,0,0.5714285714285714,0
430,0.3987222848553175,0.0,0.0,0.015712553569072387,0,1,0,0,1,0,0,0,0,1,0,0,0,0,0,1,0.5714285714285714,1
431,0.3486158085932607,0.0,0.0,0.051822148727810165,0,1,1,0,0,0,0,1,0,0,0,0,0,0,0,1,0.5714285714285714,1
432,0.3736690467242891,0.125,0.0,0.031425107138144774,1,0,0,0,1,0,0,0,0,0,0,0,0,0,0,1,0.5714285714285714,1
433,0.5239884755104597,0.125,0.0,0.050748620223090936,1,0,0,1,0,0,0,0,0,0,0,0,0,0,0,1,0.5714285714285714,1
434,0.21082299887260428,0.0,0.0,0.013907073811135496,0,1,0,0,1,0,0,0,0,0,0,0,0,0,0,1,0.0,0
435,0.6242014280345735,0.125,0.0,0.1091095334796455,0,1,1,0,0,0,0,0,0,1,0,0,0,0,0,1,0.5714285714285714,0
436,0.17324314167606164,0.125,0.2222222222222222,0.23422440102965045,1,0,1,0,0,0,1,0,0,0,0,0,0,0,0,1,0.8571428571428571,1
437,0.26092947513466114,0.25,0.2222222222222222,0.06709553154495196,1,0,0,0,1,0,0,0,0,0,0,0,0,0,0,1,0.4761904761904762,0
438,0.2985093323312038,0.25,0.3333333333333333,0.03659756266088288,1,0,0,1,0,0,0,0,0,0,0,0,0,0,0,1,0.9523809523809523,1
439,0.7995740949517726,0.125,0.4444444444444444,0.5133418122566505,0,1,1,0,0,0,0,1,0,0,0,0,0,0,0,1,0.6666666666666667,0
440,0.3861956657898033,0.0,0.0,0.020494635090094415,0,1,0,1,0,0,0,0,0,0,0,0,0,0,0,1,0.0,0
441,0.5615683327070023,0.125,0.1111111111111111,0.05123658772523604,1,0,0,1,0,0,0,0,0,0,0,0,0,0,0,1,0.7142857142857143,1
442,0.24840285606914692,0.0,0.0,0.018542765081513996,0,1,0,0,1,0,0,0,0,0,0,0,0,0,0,1,0.0,0
443,0.311035951396718,0.125,0.0,0.015175789316712771,0,1,0,0,1,0,0,0,0,0,0,0,0,0,0,1,0.0,0
444,0.3486158085932607,0.0,0.0,0.025374310111545468,1,0,0,1,0,0,0,0,0,0,0,0,0,0,0,1,0.5714285714285714,1
445,0.3736690467242891,0.0,0.0,0.015834545444608664,0,1,0,0,1,0,0,0,0,0,0,0,0,0,0,1,0.5714285714285714,1
446,0.04797695102091946,0.0,0.2222222222222222,0.15977676072337862,0,1,1,0,0,1,0,0,0,0,0,0,0,0,0,1,0.5714285714285714,1
447,0.16071652261054742,0.0,0.1111111111111111,0.0380614651673182,1,0,0,1,0,0,0,0,0,0,0,0,0,0,0,1,0.8571428571428571,1
448,0.42377552298634596,0.0,0.0,0.051822148727810165,0,1,1,0,0,0,0,0,0,0,0,0,0,0,0,1,0.5714285714285714,1
449,0.06050357008643367,0.25,0.1111111111111111,0.03758969818624431,1,0,0,0,1,0,0,0,0,0,0,0,0,1,0,0,1.0,1
450,0.6492546661656019,0.0,0.0,0.05953203526170282,0,1,1,0,0,0,0,1,0,0,0,0,0,0,0,1,0.5714285714285714,1
451,0.4488287611173744,0.125,0.2222222222222222,0.05416439273810667,0,1,0,1,0,0,0,0,0,0,0,0,0,0,0,1,0.7142857142857143,0
452,0.3736690467242891,0.125,0.0,0.03897240290032268,0,1,0,0,1,0,0,0,0,0,0,0,0,0,0,1,0.2857142857142857,0
453,0.3736690467242891,0.0,0.0,0.05416439273810667,0,1,1,0,0,0,0,1,0,0,0,0,0,1,0,0,0.0,0
454,0.6116748089690592,0.125,0.0,0.17391981561855152,0,1,1,0,0,0,0,1,0,0,0,0,0,1,0,0,0.8571428571428571,1
455,0.3736690467242891,0.0,0.0,0.015712553569072387,0,1,0,0,1,0,0,0,0,0,0,0,0,0,0,1,0.0,0
456,0.36114242765877486,0.0,0.0,0.015411575213749284,0,1,0,0,1,0,0,0,0,0,0,0,0,1,0,0,0.5714285714285714,1
457,0.8121007140172868,0.0,0.0,0.051822148727810165,0,1,1,0,0,0,0,0,0,1,0,0,0,0,0,1,0.0,0
458,0.3736690467242891,0.125,0.0,0.10122885832000206,1,0,1,0,0,0,0,0,1,0,0,0,0,0,0,1,0.5714285714285714,1
459,0.6242014280345735,0.0,0.0,0.020494635090094415,1,0,0,1,0,0,0,0,0,0,0,0,0,0,0,1,0.5714285714285714,1
460,0.3736690467242891,0.0,0.0,0.015126992566498259,0,1,0,0,1,0,0,0,0,0,0,0,0,0,1,0,0.2857142857142857,0
461,0.599148189903545,0.0,0.0,0.051822148727810165,0,1,1,0,0,0,0,0,0,1,0,0,0,0,0,1,0.5714285714285714,1
462,0.42377552298634596,0.0,0.0,0.015712553569072387,0,1,0,0,1,0,0,0,0,0,0,0,0,0,0,1,0.2857142857142857,0
463,0.5866215708380308,0.0,0.0,0.07514699533034619,0,1,1,0,0,0,0,0,0,1,0,0,0,0,0,1,0.0,0
464,0.599148189903545,0.0,0.0,0.025374310111545468,0,1,0,1,0,0,0,0,0,0,0,0,0,0,0,1,0.0,0
465,0.3736690467242891,0.0,0.0,0.015712553569072387,0,1,0,0,1,0,0,0,0,0,0,0,0,0,0,1,0.0,0
466,0.47388199924840285,0.0,0.0,0.013760683560491965,0,1,0,0,1,0,0,0,0,0,0,0,0,0,0,1,0.0,0
467,0.3736690467242891,0.0,0.0,0.0,0,1,0,1,0,0,0,0,0,0,0,0,0,0,0,1,0.0,0
468,0.6993611424276588,0.0,0.0,0.051822148727810165,0,1,1,0,0,0,0,0,0,0,0,0,0,0,0,1,0.0,0
469,0.3736690467242891,0.0,0.0,0.015078195816283748,0,1,0,0,1,0,0,0,0,0,0,0,0,0,1,0,0.0,0
470,0.007265439057998246,0.25,0.1111111111111111,0.03758969818624431,1,0,0,0,1,0,0,0,0,0,0,0,0,1,0,0,1.0,1
471,0.3736690467242891,0.0,0.0,0.014151057562208049,0,1,0,0,1,0,0,0,0,0,0,0,0,0,0,1,0.0,0
472,0.47388199924840285,0.0,0.0,0.016908073949327893,0,1,0,0,1,0,0,0,0,0,0,0,0,0,0,1,0.42857142857142855,0
473,0.41124890392083174,0.125,0.2222222222222222,0.05416439273810667,1,0,0,1,0,0,0,0,0,0,0,0,0,0,0,1,0.7142857142857143,1
474,0.2859827132656896,0.0,0.0,0.026919605597338588,1,0,0,1,0,0,0,0,1,0,0,0,0,1,0,0,0.5714285714285714,1
475,0.27345609420017536,0.0,0.0,0.019201521209409888,1,0,0,0,1,0,0,0,0,0,0,0,0,0,0,1,0.0,0
476,0.3736690467242891,0.0,0.0,0.10149724044618187,0,1,1,0,0,1,0,0,0,0,0,0,0,0,0,1,0.0,0
477,0.42377552298634596,0.125,0.0,0.04098927018018883,0,1,0,1,0,0,0,0,0,0,0,0,0,0,0,1,0.5714285714285714,0
478,0.36114242765877486,0.125,0.0,0.013752485706455927,0,1,0,0,1,0,0,0,0,0,0,0,0,0,0,1,0.2857142857142857,0
479,0.27345609420017536,0.0,0.0,0.014679623960531627,0,1,0,0,1,0,0,0,0,0,0,0,0,0,0,1,0.380952380952381,0
480,0.02292371288989102,0.0,0.1111111111111111,0.023983602730431916,1,0,0,0,1,0,0,0,0,0,0,0,0,0,0,1,0.5714285714285714,1
481,0.11061004634849055,0.625,0.2222222222222222,0.09154270340242172,0,1,0,0,1,0,0,0,0,0,0,0,0,0,0,1,0.5,0
482,0.3736690467242891,0.0,0.0,0.0,0,1,0,1,0,0,0,0,0,0,0,0,0,0,0,1,0.0,0
483,0.6242014280345735,0.0,0.0,0.015712553569072387,0,1,0,0,1,0,0,0,0,0,0,0,0,0,0,1,0.0,0
484,0.7870474758862583,0.0,0.0,0.018713553707264782,1,0,0,0,1,0,0,0,0,0,0,0,0,0,0,1,0.5714285714285714,1
485,0.311035951396718,0.125,0.0,0.17777475888549785,0,1,1,0,0,0,1,0,0,0,0,0,0,1,0,0,0.8571428571428571,1
486,0.3736690467242891,0.375,0.1111111111111111,0.04970768794751499,1,0,0,0,1,0,0,0,0,0,0,0,0,0,0,1,0.4571428571428572,0
487,0.4363021420518602,0.125,0.0,0.17566830077223786,1,0,1,0,0,0,0,1,0,0,0,0,0,0,0,1,0.7619047619047619,1
488,0.7244143805586872,0.0,0.0,0.057970539254838485,0,1,1,0,0,0,1,0,0,0,0,0,0,1,0,0,0.0,0
489,0.3736690467242891,0.0,0.0,0.015712553569072387,0,1,0,0,1,0,0,0,0,0,0,0,0,0,0,1,0.0,0
490,0.11061004634849055,0.125,0.1111111111111111,0.031034733136428686,0,1,0,0,1,0,0,0,0,0,0,0,0,0,0,1,0.7619047619047619,1
491,0.3736690467242891,0.125,0.0,0.03897240290032268,0,1,0,0,1,0,0,0,0,0,0,0,0,0,0,1,0.2857142857142857,0
492,0.26092947513466114,0.0,0.0,0.014151057562208049,0,1,0,0,1,0,0,0,0,0,0,0,0,0,0,1,0.0,0
493,0.6868345233621446,0.0,0.0,0.05953203526170282,0,1,1,0,0,0,0,1,0,0,0,0,0,0,0,1,0.0,0
494,0.887260428410372,0.0,0.0,0.09662576327876685,0,1,1,0,0,0,0,0,0,0,0,0,0,1,0,0,0.0,0
495,0.26092947513466114,0.0,0.0,0.015712553569072387,0,1,0,0,1,0,0,0,0,0,0,0,0,0,0,1,0.5714285714285714,0
496,0.3736690467242891,0.0,0.0,0.028220722145058292,0,1,0,0,1,0,0,0,0,0,0,0,0,1,0,0,0.0,0
497,0.6743079042966303,0.125,0.0,0.1527664244005612,1,0,1,0,0,0,0,0,1,0,0,0,0,1,0,0,0.5714285714285714,1
498,0.3736690467242891,0.0,0.0,0.029473237129564348,0,1,0,0,1,0,0,0,0,0,0,0,0,0,0,1,0.0,0
499,0.311035951396718,0.125,0.2222222222222222,0.29580589980036276,1,0,1,0,0,0,0,1,0,0,0,0,0,0,0,1,0.5714285714285714,0
500,0.2985093323312038,0.0,0.0,0.015216388212891242,0,1,0,0,1,0,0,0,0,0,0,0,0,0,0,1,0.380952380952381,0
501,0.21082299887260428,0.0,0.0,0.016908073949327893,0,1,0,0,1,0,0,0,0,0,0,0,0,0,0,1,0.2857142857142857,0
502,0.26092947513466114,0.0,0.0,0.015126992566498259,1,0,0,0,1,0,0,0,0,0,0,0,0,0,1,0,0.2857142857142857,0
503,0.3736690467242891,0.0,0.0,0.014891206669461744,1,0,0,0,1,0,0,0,0,0,0,0,0,0,1,0,0.0,0
504,0.46135538018288863,0.0,0.0,0.018713553707264782,1,0,0,0,1,0,0,0,0,0,0,0,0,0,0,1,0.0,0
505,0.19829637980709008,0.0,0.0,0.16883675574220638,1,0,1,0,0,0,1,0,0,0,0,0,0,0,0,1,0.5714285714285714,1
506,0.22334961793811847,0.125,0.0,0.2125586439344078,0,1,1,0,0,0,0,1,0,0,0,0,0,1,0,0,0.5714285714285714,0
507,0.41124890392083174,0.0,0.2222222222222222,0.050748620223090936,1,0,0,1,0,0,0,0,0,0,0,0,0,0,0,1,0.7619047619047619,1
508,0.3736690467242891,0.0,0.0,0.051822148727810165,0,1,1,0,0,0,0,0,0,0,0,0,0,0,0,1,0.5714285714285714,1
509,0.3486158085932607,0.0,0.0,0.04396587194327397,0,1,0,0,1,0,0,0,0,0,0,0,0,0,0,1,0.42857142857142855,0
510,0.32356257046223225,0.0,0.0,0.11027245763075773,0,1,0,0,1,0,0,0,0,0,0,0,0,0,0,1,0.5714285714285714,1
511,0.36114242765877486,0.0,0.0,0.015126992566498259,0,1,0,0,1,0,0,0,0,0,0,0,0,0,1,0,0.7619047619047619,1
512,0.3736690467242891,0.0,0.0,0.015712553569072387,0,1,0,0,1,0,0,0,0,0,0,0,0,0,0,1,0.5714285714285714,0
513,0.4488287611173744,0.0,0.0,0.05130978285055781,0,1,1,0,0,0,0,0,0,1,0,0,0,0,0,1,0.5714285714285714,1
514,0.6743079042966303,0.125,0.0,0.11594107850967697,1,0,1,0,0,0,0,0,0,0,0,0,0,1,0,0,0.5714285714285714,1
515,0.2985093323312038,0.0,0.0,0.014630827210317115,0,1,0,0,1,0,0,0,0,0,0,0,0,0,0,1,0.2857142857142857,0
516,0.5866215708380308,0.0,0.0,0.06640417918791278,0,1,1,0,0,0,0,0,1,0,0,0,0,0,0,1,0.0,0
517,0.42377552298634596,0.0,0.0,0.020494635090094415,1,0,0,1,0,0,0,0,0,0,1,0,0,0,0,1,0.5714285714285714,1
518,0.3736690467242891,0.0,0.0,0.04713766070721715,0,1,0,0,1,0,0,0,0,0,0,0,0,0,1,0,0.2857142857142857,0
519,0.4488287611173744,0.125,0.0,0.050748620223090936,1,0,0,1,0,0,0,0,0,0,0,0,0,0,0,1,0.5714285714285714,1
520,0.3987222848553175,0.0,0.0,0.015411575213749284,0,1,0,0,1,0,0,0,0,0,0,0,0,0,0,1,0.0,0
521,0.3736690467242891,0.0,0.0,0.18249984580226933,1,0,1,0,0,0,1,0,0,0,0,0,0,0,0,1,0.5714285714285714,1
522,0.27345609420017536,0.0,0.0,0.015411575213749284,0,1,0,0,1,0,0,0,0,0,0,0,0,0,0,1,0.0,0
523,0.3736690467242891,0.0,0.0,0.014102260811993537,0,1,0,0,1,0,0,0,0,0,0,0,0,1,0,0,0.0,0
524,0.5490417136414881,0.0,0.1111111111111111,0.11316786160148591,1,0,1,0,0,0,1,0,0,0,0,0,0,1,0,0,0.8571428571428571,1
525,0.3736690467242891,0.0,0.0,0.014110458666029575,0,1,0,0,1,0,0,0,0,0,0,0,0,1,0,0,0.0,0
526,0.5051985469121884,0.0,0.0,0.015126992566498259,0,1,0,0,1,0,0,0,0,0,0,0,0,0,1,0,0.0,0
527,0.6242014280345735,0.0,0.0,0.020494635090094415,1,0,0,1,0,0,0,0,0,0,0,0,0,0,0,1,0.5714285714285714,1
528,0.3736690467242891,0.0,0.0,0.4328841690069588,0,1,1,0,0,0,0,1,0,0,0,0,0,0,0,1,0.0,0
529,0.4864086183139171,0.0,0.0,0.015468569817999833,0,1,0,0,1,0,0,0,0,0,0,0,0,0,0,1,0.0,0
530,0.2859827132656896,0.25,0.1111111111111111,0.022446505098674834,0,1,0,1,0,0,0,0,0,0,0,0,0,0,0,1,0.5714285714285714,0
531,0.02292371288989102,0.125,0.1111111111111111,0.050748620223090936,1,0,0,1,0,0,0,0,0,0,0,0,0,0,0,1,0.7619047619047619,1
532,0.3736690467242891,0.0,0.0,0.014110458666029575,0,1,0,0,1,0,0,0,0,0,0,0,0,1,0,0,0.0,0
533,0.21082299887260428,0.125,0.1111111111111111,0.014110458666029575,0,1,0,0,1,0,0,0,0,0,0,0,0,1,0,0,0.42857142857142855,0
534,0.3736690467242891,0.0,0.2222222222222222,0.04364049521284361,1,0,0,0,1,0,0,0,0,0,0,0,0,1,0,0,0.7619047619047619,1
535,0.3736690467242891,0.0,0.0,0.016908073949327893,1,0,0,0,1,0,0,0,0,0,0,0,0,0,0,1,0.42857142857142855,0
536,0.08555680821746212,0.0,0.2222222222222222,0.05123658772523604,1,0,0,1,0,0,0,0,0,0,0,0,0,0,0,1,0.7142857142857143,1
537,0.5615683327070023,0.0,0.0,0.051822148727810165,0,1,1,0,0,0,1,0,0,0,0,0,0,0,0,1,0.0,0
538,0.3736690467242891,0.0,0.0,0.20772776566317125,1,0,1,0,0,0,0,0,0,0,0,0,0,1,0,0,0.5714285714285714,1
539,0.3736690467242891,0.0,0.0,0.028302115124416098,0,1,0,0,1,0,0,0,0,0,0,0,0,0,0,1,0.2857142857142857,0
540,0.27345609420017536,0.0,0.2222222222222222,0.09661756542473081,1,0,1,0,0,0,1,0,0,0,0,0,0,1,0,0,0.5714285714285714,1
541,0.4488287611173744,0.0,0.2222222222222222,0.13858277060920984,1,0,1,0,0,0,1,0,0,0,0,0,0,0,0,1,0.5714285714285714,1
542,0.11061004634849055,0.5,0.2222222222222222,0.06104473451835265,1,0,0,0,1,0,0,0,0,0,0,0,0,0,0,1,0.6233766233766234,0
543,0.13566328447951898,0.5,0.2222222222222222,0.06104473451835265,1,0,0,0,1,0,0,0,0,0,0,0,0,0,0,1,0.6233766233766234,0
544,0.3987222848553175,0.125,0.0,0.050748620223090936,0,1,0,1,0,0,0,0,0,0,0,0,0,0,0,1,0.8571428571428571,1
545,0.6242014280345735,0.125,0.0,0.20772776566317125,0,1,1,0,0,0,0,1,0,0,0,0,0,1,0,0,0.380952380952381,0
546,0.7995740949517726,0.0,0.0,0.050748620223090936,0,1,1,0,0,0,0,0,0,0,0,0,0,0,0,1,0.0,0
547,0.2358762370036327,0.125,0.0,0.050748620223090936,1,0,0,1,0,0,0,0,0,0,0,0,0,0,0,1,0.8571428571428571,1
548,0.3736690467242891,0.0,0.0,0.02705779799394608,0,1,0,1,0,0,0,0,0,0,0,0,0,1,0,0,0.5714285714285714,1
549,0.41124890392083174,0.125,0.1111111111111111,0.04006213192611313,0,1,0,0,1,0,0,0,0,0,0,0,0,0,0,1,0.7142857142857143,0
550,0.09808342728297632,0.125,0.1111111111111111,0.07173122281533045,0,1,0,1,0,0,0,0,0,0,0,0,0,0,0,1,0.5714285714285714,1
551,0.21082299887260428,0.0,0.2222222222222222,0.21642978772242535,0,1,1,0,0,0,0,1,0,0,0,0,0,1,0,0,0.7619047619047619,1
552,0.33608918952774647,0.0,0.0,0.050748620223090936,0,1,0,1,0,0,0,0,0,0,0,0,0,0,0,1,0.0,0
553,0.3736690467242891,0.0,0.0,0.015281580671177828,0,1,0,0,1,0,0,0,0,0,0,0,0,0,1,0,0.5714285714285714,0
554,0.27345609420017536,0.0,0.0,0.014102260811993537,0,1,0,0,1,0,0,0,0,0,0,0,0,1,0,0,0.5714285714285714,1
555,0.27345609420017536,0.0,0.0,0.015175789316712771,1,0,0,0,1,0,0,0,0,0,0,0,0,0,0,1,0.5714285714285714,1
556,0.7745208568207441,0.0,0.0,0.051822148727810165,0,1,1,0,0,0,0,0,0,0,0,0,0,0,0,1,0.2857142857142857,0
557,0.599148189903545,0.125,0.0,0.07729405233978466,1,0,1,0,0,1,0,0,0,0,0,0,0,1,0,0,0.8571428571428571,1
558,0.3736690467242891,0.0,0.0,0.4440992237022602,0,1,1,0,0,0,0,0,0,0,0,0,0,1,0,0,0.0,0
559,0.4864086183139171,0.125,0.1111111111111111,0.1554664461834305,1,0,1,0,0,0,0,0,0,1,0,0,0,0,0,1,0.7619047619047619,1
560,0.4488287611173744,0.125,0.0,0.033962538149299316,1,0,0,0,1,0,0,0,0,0,0,0,0,0,0,1,0.5714285714285714,1
561,0.3736690467242891,0.0,0.0,0.015126992566498259,0,1,0,0,1,0,0,0,0,0,0,0,0,0,1,0,0.0,0
562,0.4989352373794313,0.0,0.0,0.015411575213749284,0,1,0,0,1,0,0,0,0,0,0,0,0,0,0,1,0.0,0
563,0.3486158085932607,0.0,0.0,0.026350245115835676,0,1,0,1,0,0,0,0,0,0,0,0,0,0,0,1,0.0,0
564,0.3736690467242891,0.0,0.0,0.015712553569072387,0,1,0,0,1,0,0,0,0,0,0,0,0,0,0,1,0.0,0
565,0.3736690467242891,0.0,0.0,0.015712553569072387,1,0,0,0,1,0,0,0,0,0,0,0,0,0,0,1,0.0,0
566,0.2985093323312038,0.25,0.0,0.04713766070721715,0,1,0,0,1,0,0,0,0,0,0,0,0,0,0,1,0.5714285714285714,0
567,0.2358762370036327,0.0,0.0,0.015411575213749284,0,1,0,0,1,0,0,0,0,0,0,0,0,0,0,1,0.0,0
568,0.36114242765877486,0.0,0.4444444444444444,0.04113566043083236,1,0,0,0,1,0,0,0,0,0,0,0,0,0,0,1,0.4571428571428572,0
569,0.3736690467242891,0.0,0.0,0.014110458666029575,0,1,0,0,1,0,0,0,0,0,0,0,0,1,0,0,0.0,0
570,0.3987222848553175,0.0,0.0,0.015330377421392339,0,1,0,0,1,0,0,0,0,0,0,0,0,0,0,1,0.5714285714285714,1
571,0.7745208568207441,0.0,0.0,0.020494635090094415,0,1,0,1,0,0,0,0,0,0,0,0,0,0,0,1,0.7142857142857143,1
572,0.6617812852311161,0.25,0.0,0.10048070654571319,1,0,1,0,0,0,0,1,0,0,0,0,0,0,0,1,0.5714285714285714,1
573,0.4488287611173744,0.0,0.0,0.051504969851415845,0,1,1,0,0,0,0,0,0,1,0,0,0,0,0,1,0.5714285714285714,1
574,0.3736690467242891,0.0,0.0,0.015126992566498259,1,0,0,0,1,0,0,0,0,0,0,0,0,0,1,0,0.7999999999999999,1
575,0.19829637980709008,0.0,0.0,0.015712553569072387,0,1,0,0,1,0,0,0,0,0,0,0,0,0,0,1,0.0,0
576,0.2358762370036327,0.0,0.0,0.028302115124416098,0,1,0,0,1,0,0,0,0,0,0,0,0,0,0,1,0.0,0
577,0.42377552298634596,0.0,0.0,0.025374310111545468,1,0,0,1,0,0,0,0,0,0,0,0,0,0,0,1,0.5714285714285714,1
578,0.4864086183139171,0.125,0.0,0.1091095334796455,1,0,1,0,0,0,0,0,0,1,0,0,0,0,0,1,0.5714285714285714,1
579,0.3736690467242891,0.125,0.0,0.028220722145058292,1,0,0,0,1,0,0,0,0,0,0,0,0,1,0,0,0.2857142857142857,0
580,0.3987222848553175,0.0,0.0,0.015468569817999833,0,1,0,0,1,0,0,0,0,0,0,0,0,0,0,1,0.5714285714285714,1
581,0.311035951396718,0.125,0.1111111111111111,0.05855610025741261,1,0,0,1,0,0,0,0,0,0,0,0,0,0,0,1,0.5714285714285714,1
582,0.4864086183139171,0.125,0.1111111111111111,0.21642978772242535,1,0,1,0,0,0,0,1,0,0,0,0,0,1,0,0,0.7619047619047619,1
583,0.6743079042966303,0.0,0.0,0.050748620223090936,0,1,0,1,0,0,0,0,0,0,0,0,0,0,0,1,0.0,0
584,0.4488287611173744,0.0,0.0,0.07831878409428937,0,1,1,0,0,1,0,0,0,0,0,0,0,1,0,0,0.0,0
585,0.3736690467242891,0.0,0.0,0.017005667449756914,0,1,0,0,1,0,0,0,0,0,0,0,0,1,0,0,0.0,0
586,0.22334961793811847,0.0,0.2222222222222222,0.1554664461834305,1,0,1,0,0,0,0,0,0,1,0,0,0,0,0,1,0.7619047619047619,1
587,0.5866215708380308,0.0,0.0,0.029278050128706306,0,1,0,1,0,0,0,0,0,0,0,0,0,0,0,1,0.0,0
588,0.7494676186897157,0.125,0.1111111111111111,0.15458810467956932,0,1,1,0,0,0,1,0,0,0,0,0,0,1,0,0,0.5714285714285714,1
589,0.27345609420017536,0.0,0.0,0.015712553569072387,0,1,0,0,1,0,0,0,0,0,0,0,0,0,0,1,0.0,0
590,0.3736690467242891,0.0,0.0,0.015712553569072387,0,1,0,0,1,0,0,0,0,0,0,0,0,0,0,1,0.0,0
591,0.4363021420518602,0.0,0.0,0.013907073811135496,0,1,0,0,1,0,0,0,0,0,0,0,0,0,0,1,0.0,0
592,0.6492546661656019,0.125,0.0,0.1527664244005612,1,0,1,0,0,0,0,0,1,0,0,0,0,1,0,0,0.5714285714285714,1
593,0.5866215708380308,0.0,0.0,0.014151057562208049,0,1,0,0,1,0,0,0,0,0,0,0,0,0,0,1,0.0,0
594,0.3736690467242891,0.0,0.2222222222222222,0.015126992566498259,1,0,0,0,1,0,0,0,0,0,0,0,0,0,1,0,0.380952380952381,0
595,0.46135538018288863,0.125,0.0,0.050748620223090936,0,1,0,1,0,0,0,0,0,0,0,0,0,0,0,1,0.380952380952381,0
596,0.4488287611173744,0.125,0.1111111111111111,0.04713766070721715,0,1,0,0,1,0,0,0,0,0,0,0,0,0,0,1,0.380952380952381,0
597,0.3736690467242891,0.0,0.0,0.06441171028315387,1,0,0,1,0,0,0,0,0,0,0,0,0,0,0,1,0.5714285714285714,1
598,0.6116748089690592,0.0,0.0,0.0,0,1,0,0,1,0,0,0,0,0,0,0,0,0,0,1,0.7619047619047619,0
599,0.3736690467242891,0.0,0.0,0.014102260811993537,0,1,0,0,1,0,0,0,0,0,0,0,0,1,0,0,0.42857142857142855,0
600,0.6116748089690592,0.125,0.0,0.11111839809247648,0,1,1,0,0,1,0,0,0,0,0,0,0,1,0,0,0.8571428571428571,1
601,0.2985093323312038,0.25,0.1111111111111111,0.05270049023167135,1,0,0,1,0,0,0,0,0,0,0,0,0,0,0,1,0.5714285714285714,1
602,0.3736690467242891,0.0,0.0,0.015411575213749284,0,1,0,0,1,0,0,0,0,0,0,0,0,0,0,1,0.0,0
603,0.3736690467242891,0.0,0.0,0.08275928836380983,0,1,1,0,0,0,0,0,0,0,0,0,0,0,0,1,0.0,0
604,0.5490417136414881,0.0,0.0,0.015712553569072387,0,1,0,0,1,0,0,0,0,0,0,0,0,0,0,1,0.0,0
605,0.4363021420518602,0.0,0.0,0.051822148727810165,0,1,1,0,0,0,0,0,0,0,0,0,0,1,0,0,0.5714285714285714,1
606,0.4488287611173744,0.125,0.0,0.030351578633425542,0,1,0,0,1,0,0,0,0,0,0,0,0,0,0,1,0.2857142857142857,0
607,0.3736690467242891,0.0,0.0,0.015411575213749284,0,1,0,0,1,0,0,0,0,0,0,0,0,0,0,1,0.0,0
608,0.33608918952774647,0.0,0.0,0.05953203526170282,0,1,1,0,0,0,0,0,0,0,0,0,0,0,0,1,0.5714285714285714,1
609,0.27345609420017536,0.125,0.2222222222222222,0.08115719346076702,1,0,0,1,0,0,0,0,0,0,0,0,0,1,0,0,0.7142857142857143,1
610,0.4989352373794313,0.0,0.0,0.2995388511917728,1,0,1,0,0,0,0,1,0,0,0,0,0,0,0,1,0.5714285714285714,1
611,0.4864086183139171,0.125,0.5555555555555556,0.06104473451835265,1,0,0,0,1,0,0,0,0,0,0,0,0,0,0,1,0.6233766233766234,0
612,0.3736690467242891,0.0,0.0,0.013760683560491965,0,1,0,0,1,0,0,0,0,0,0,0,0,0,0,1,0.0,0
613,0.3736690467242891,0.125,0.0,0.030253985132996517,1,0,0,0,1,0,0,0,0,0,0,0,0,0,1,0,0.7619047619047619,1
614,0.3736690467242891,0.0,0.0,0.015126992566498259,0,1,0,0,1,0,0,0,0,0,0,0,0,0,1,0,0.0,0
615,0.4363021420518602,0.0,0.0,0.015712553569072387,0,1,0,0,1,0,0,0,0,0,0,0,0,0,0,1,0.0,0
616,0.2985093323312038,0.125,0.2222222222222222,0.12687155055772734,1,0,0,1,0,0,0,0,0,0,0,0,0,0,0,1,0.7142857142857143,1
617,0.42377552298634596,0.125,0.1111111111111111,0.028106928123558056,0,1,0,0,1,0,0,0,0,0,0,0,0,0,0,1,0.380952380952381,0
618,0.32356257046223225,0.125,0.0,0.031425107138144774,1,0,0,0,1,0,0,0,0,0,0,0,0,0,0,1,0.2857142857142857,0
619,0.04797695102091946,0.25,0.1111111111111111,0.0761229303346364,1,0,0,1,0,0,0,0,0,0,1,0,0,0,0,1,0.7142857142857143,1
620,0.32356257046223225,0.0,0.0,0.020494635090094415,0,1,0,1,0,0,0,0,0,0,0,0,0,0,0,1,0.0,0
621,0.33608918952774647,0.125,0.0,0.028212719478023115,0,1,0,0,1,0,0,0,0,0,0,0,0,1,0,0,0.5714285714285714,0
622,0.5239884755104597,0.125,0.0,0.10257896680493714,0,1,1,0,0,0,0,0,1,0,0,0,0,0,0,1,0.5714285714285714,1
623,0.24840285606914692,0.125,0.1111111111111111,0.030725752114070404,0,1,0,0,1,0,0,0,0,0,0,0,0,1,0,0,0.7619047619047619,1
624,0.26092947513466114,0.0,0.0,0.015330377421392339,0,1,0,0,1,0,0,0,0,0,0,0,0,0,0,1,0.42857142857142855,0
625,0.26092947513466114,0.0,0.0,0.031425107138144774,0,1,0,0,1,0,0,0,0,0,0,0,0,0,0,1,0.2857142857142857,0
626,0.7619942377552299,0.0,0.0,0.06308600017332605,0,1,1,0,0,0,0,0,1,0,0,0,0,0,0,1,0.0,0
627,0.711887761493173,0.0,0.0,0.024105594605968193,0,1,0,1,0,0,0,0,0,0,0,0,0,0,1,0,0.0,0
628,0.26092947513466114,0.0,0.0,0.15216446768991498,1,0,1,0,0,0,0,0,1,0,0,0,0,0,0,1,0.5714285714285714,1
629,0.32356257046223225,0.0,0.0,0.015411575213749284,0,1,0,0,1,0,0,0,0,0,0,0,0,0,0,1,0.0,0
630,0.3736690467242891,0.0,0.0,0.015094396337354966,0,1,0,0,1,0,0,0,0,0,0,0,0,0,1,0,0.0,0
631,1.0,0.0,0.0,0.05855610025741261,0,1,1,0,0,1,0,0,0,0,0,0,0,0,0,1,0.5714285714285714,1
632,0.6367280471000877,0.0,0.0,0.013768881414528002,0,1,0,0,1,0,0,0,0,0,0,0,0,0,0,1,0.0,0
633,0.3987222848553175,0.0,0.0,0.05953203526170282,0,1,1,0,0,0,1,0,0,0,0,0,0,1,0,0,0.5714285714285714,1
634,0.3736690467242891,0.0,0.0,0.0,0,1,1,0,0,0,0,0,0,0,0,0,0,0,0,1,0.0,0
635,0.11061004634849055,0.375,0.2222222222222222,0.05445717323939373,1,0,0,0,1,0,0,0,0,0,0,0,0,0,0,1,0.4761904761904762,0
636,0.3486158085932607,0.0,0.0,0.025374310111545468,1,0,0,1,0,0,0,0,0,0,0,0,0,0,0,1,0.5714285714285714,1
637,0.3987222848553175,0.0,0.0,0.015468569817999833,0,1,0,0,1,0,0,0,0,0,0,0,0,0,0,1,0.0,0
638,0.3861956657898033,0.125,0.1111111111111111,0.05123658772523604,0,1,0,1,0,0,0,0,0,0,0,0,0,0,0,1,0.7619047619047619,0
639,0.5114618564449455,0.0,0.5555555555555556,0.07746484096553544,1,0,0,0,1,0,0,0,0,0,0,0,0,0,0,1,0.4761904761904762,0
640,0.3736690467242891,0.125,0.0,0.031425107138144774,0,1,0,0,1,0,0,0,0,0,0,0,0,0,0,1,0.5714285714285714,0
641,0.24840285606914692,0.0,0.0,0.015330377421392339,0,1,0,0,1,0,0,0,0,0,0,0,0,0,0,1,0.380952380952381,0
642,0.2985093323312038,0.0,0.0,0.13526459159462315,1,0,1,0,0,0,1,0,0,0,0,0,0,1,0,0,0.5714285714285714,1
643,0.02292371288989102,0.375,0.2222222222222222,0.05445717323939373,1,0,0,0,1,0,0,0,0,0,0,0,0,0,0,1,0.4761904761904762,0
644,0.3736690467242891,0.0,0.0,0.11027245763075773,0,1,0,0,1,0,0,0,0,0,0,0,0,0,0,1,0.5714285714285714,1
645,0.007265439057998246,0.25,0.1111111111111111,0.03758969818624431,1,0,0,0,1,0,0,0,0,0,0,0,0,1,0,0,1.0,1
646,0.599148189903545,0.125,0.0,0.1497654242623688,0,1,1,0,0,0,0,0,1,0,0,0,0,1,0,0,0.8571428571428571,1
647,0.2358762370036327,0.0,0.0,0.015411575213749284,0,1,0,0,1,0,0,0,0,0,0,0,0,0,0,1,0.380952380952381,0
648,0.6993611424276588,0.0,0.0,0.06929138530460492,0,1,1,0,0,1,0,0,0,0,0,0,0,1,0,0,0.5714285714285714,1
649,0.3736690467242891,0.0,0.0,0.014736618564782174,0,1,0,0,1,0,0,0,0,0,0,0,0,0,0,1,0.0,0
650,0.2859827132656896,0.0,0.0,0.014736618564782174,1,0,0,0,1,0,0,0,0,0,0,0,0,0,0,1,0.5714285714285714,1
651,0.3736690467242891,0.0,0.0,0.015411575213749284,0,1,0,0,1,0,0,0,0,0,0,0,0,0,0,1,0.0,0
652,0.22334961793811847,0.0,0.1111111111111111,0.04489301019734967,1,0,0,1,0,0,0,0,0,0,0,0,0,0,0,1,0.8571428571428571,1
653,0.26092947513466114,0.0,0.0,0.01646070534336126,0,1,0,0,1,0,0,0,0,0,0,0,0,0,0,1,0.0,0
654,0.3736690467242891,0.0,0.0,0.015281580671177828,1,0,0,0,1,0,0,0,0,0,0,0,0,0,1,0,0.5714285714285714,1
655,0.22334961793811847,0.0,0.0,0.013175122557917838,1,0,0,0,1,0,0,0,0,0,0,0,0,0,1,0,0.0,0
656,0.2985093323312038,0.25,0.0,0.1434624456306609,0,1,0,1,0,0,0,0,0,0,0,0,0,0,0,1,0.380952380952381,0
657,0.3736690467242891,0.0,0.0,0.015411575213749284,0,1,0,0,1,0,0,0,0,0,0,0,0,0,0,1,0.0,0
658,0.3987222848553175,0.125,0.1111111111111111,0.030253985132996517,1,0,0,0,1,0,0,0,0,0,0,0,0,0,1,0,0.380952380952381,0
659,0.2859827132656896,0.0,0.0,0.025374310111545468,0,1,0,1,0,0,0,0,0,0,0,0,0,0,0,1,0.0,0
660,0.7244143805586872,0.0,0.2222222222222222,0.22109807522194713,0,1,1,0,0,0,0,0,1,0,0,0,0,1,0,0,0.7619047619047619,0
661,0.6242014280345735,0.25,0.0,0.2608674266467732,0,1,1,0,0,0,0,0,0,0,0,0,0,0,0,1,0.7619047619047619,1
662,0.4989352373794313,0.0,0.0,0.014102260811993537,0,1,0,0,1,0,0,0,0,0,0,0,0,1,0,0,0.0,0
663,0.5866215708380308,0.0,0.0,0.04994347384455151,0,1,1,0,0,0,0,0,0,1,0,0,0,0,0,1,0.0,0
664,0.4488287611173744,0.0,0.0,0.014630827210317115,0,1,0,0,1,0,0,0,0,0,0,0,0,0,0,1,0.2857142857142857,0
665,0.24840285606914692,0.125,0.0,0.015468569817999833,0,1,0,0,1,0,0,0,0,0,0,0,0,0,0,1,0.5714285714285714,1
666,0.3987222848553175,0.25,0.0,0.1434624456306609,0,1,0,1,0,0,0,0,0,0,0,0,0,0,0,1,0.380952380952381,0
667,0.311035951396718,0.0,0.0,0.025374310111545468,0,1,0,1,0,0,0,0,0,0,0,0,0,0,0,1,0.0,0
668,0.3736690467242891,0.0,0.0,0.015175789316712771,0,1,0,0,1,0,0,0,0,0,0,0,0,0,0,1,0.0,0
669,0.5365150945759739,0.0,0.0,0.015712553569072387,0,1,0,0,1,0,0,0,0,0,0,0,0,0,0,1,0.2857142857142857,0
670,0.3736690467242891,0.125,0.0,0.10149724044618187,1,0,1,0,0,0,0,1,0,0,0,0,0,0,0,1,0.8571428571428571,1
671,0.4989352373794313,0.125,0.1111111111111111,0.0761229303346364,1,0,0,1,0,0,0,0,0,0,0,0,0,0,0,1,0.7619047619047619,1
672,0.3861956657898033,0.125,0.0,0.10149724044618187,0,1,1,0,0,0,1,0,0,0,0,0,0,0,0,1,0.2857142857142857,0
673,0.8747338093448578,0.0,0.0,0.020494635090094415,0,1,0,1,0,0,0,0,0,0,0,0,0,0,0,1,0.0,0
674,0.3861956657898033,0.0,0.0,0.025374310111545468,0,1,0,1,0,0,0,0,0,0,0,0,0,0,0,1,0.5714285714285714,1
675,0.3736690467242891,0.0,0.0,0.0,0,1,0,1,0,0,0,0,0,0,0,0,0,0,0,1,0.0,0
676,0.22334961793811847,0.0,0.0,0.015175789316712771,0,1,0,0,1,0,0,0,0,0,0,0,0,0,0,1,0.0,0
677,0.3047726418639609,0.0,0.0,0.015712553569072387,0,1,0,0,1,0,0,0,0,0,0,0,0,0,0,1,0.0,0
678,0.22334961793811847,0.0,0.0,0.019209719063445922,1,0,0,0,1,0,0,0,0,0,0,0,0,0,0,1,0.5714285714285714,1
679,0.5365150945759739,0.125,0.6666666666666666,0.09154270340242172,1,0,0,0,1,0,0,0,0,0,0,0,0,0,0,1,0.5,0
680,0.4488287611173744,0.0,0.1111111111111111,1.0,0,1,1,0,0,0,1,0,0,0,0,0,0,1,0,0,0.5714285714285714,1
681,0.3736690467242891,0.0,0.0,0.01588334219482317,1,0,0,0,1,0,0,0,0,0,0,0,0,0,1,0,0.0,0
682,0.33608918952774647,0.0,0.0,0.1497654242623688,0,1,1,0,0,0,0,0,1,0,0,0,0,1,0,0,0.5714285714285714,1
683,0.24840285606914692,0.0,0.0,0.01800600082915438,0,1,0,0,1,0,0,0,0,0,0,0,0,0,0,1,0.0,0
684,0.17324314167606164,0.625,0.2222222222222222,0.09154270340242172,0,1,0,0,1,0,0,0,0,0,0,0,0,0,0,1,0.5,0
685,0.7494676186897157,0.125,0.1111111111111111,0.0761229303346364,0,1,0,1,0,0,0,0,0,0,0,0,0,0,0,1,0.7619047619047619,0
686,0.311035951396718,0.125,0.2222222222222222,0.08115719346076702,0,1,0,1,0,0,0,0,0,0,0,0,0,1,0,0,0.7142857142857143,0
687,0.17324314167606164,0.5,0.1111111111111111,0.07746484096553544,0,1,0,0,1,0,0,0,0,0,0,0,0,0,0,1,0.4761904761904762,0
688,0.2358762370036327,0.0,0.0,0.019852079483269742,0,1,0,0,1,0,0,0,0,0,0,0,0,0,0,1,0.0,0
689,0.22334961793811847,0.0,0.0,0.015216388212891242,0,1,0,0,1,0,0,0,0,0,0,0,0,0,0,1,0.0,0
690,0.18576976074157586,0.0,0.1111111111111111,0.41250332793836464,1,0,1,0,0,0,1,0,0,0,0,0,0,0,0,1,0.5714285714285714,1
691,0.3861956657898033,0.125,0.0,0.11125659048908397,0,1,1,0,0,0,1,0,0,0,0,0,0,0,0,1,0.8571428571428571,1
692,0.04797695102091946,0.0,0.1111111111111111,0.026187654344120927,1,0,0,0,1,0,0,0,0,0,0,0,0,1,0,0,0.5714285714285714,1
693,0.3736690467242891,0.0,0.0,0.11027245763075773,0,1,0,0,1,0,0,0,0,0,0,0,0,0,0,1,0.5714285714285714,1
694,0.311035951396718,0.0,0.0,0.014102260811993537,0,1,0,0,1,0,0,0,0,0,0,0,0,1,0,0,0.2857142857142857,0
695,0.7494676186897157,0.0,0.0,0.051822148727810165,0,1,1,0,0,0,0,0,0,0,0,0,0,0,0,1,0.0,0
696,0.6492546661656019,0.0,0.0,0.026350245115835676,0,1,0,1,0,0,0,0,0,0,0,0,0,0,0,1,0.380952380952381,0
697,0.5490417136414881,0.0,0.0,0.015712553569072387,0,1,0,0,1,0,0,0,0,0,0,0,0,0,0,1,0.7999999999999999,0
698,0.3736690467242891,0.0,0.0,0.015094396337354966,1,0,0,0,1,0,0,0,0,0,0,0,0,0,1,0,0.5714285714285714,1
699,0.6116748089690592,0.125,0.1111111111111111,0.21642978772242535,0,1,1,0,0,0,0,1,0,0,0,0,0,1,0,0,0.7619047619047619,0
700,0.5239884755104597,0.0,0.0,0.014931805565640218,0,1,0,0,1,0,0,0,0,0,1,0,0,0,0,1,0.0,0
701,0.22334961793811847,0.125,0.0,0.4440992237022602,1,0,1,0,0,0,0,1,0,0,0,0,0,1,0,0,0.5714285714285714,1
702,0.4363021420518602,0.0,0.0,0.05130978285055781,0,1,1,0,0,0,0,0,0,1,0,0,0,0,0,1,0.5714285714285714,1
703,0.22334961793811847,0.0,0.1111111111111111,0.028212719478023115,1,0,0,0,1,0,0,0,0,0,0,0,0,1,0,0,0.2857142857142857,0
704,0.311035951396718,0.0,0.0,0.01511079204542704,0,1,0,0,1,0,0,0,0,0,0,0,0,0,1,0,0.0,0
705,0.32356257046223225,0.125,0.0,0.015330377421392339,0,1,0,0,1,0,0,0,0,0,0,0,0,0,0,1,0.42857142857142855,0
706,0.4864086183139171,0.0,0.0,0.050748620223090936,0,1,0,1,0,0,0,0,0,0,0,0,0,0,0,1,0.2857142857142857,0
707,0.5615683327070023,0.0,0.0,0.026350245115835676,1,0,0,1,0,0,0,0,0,0,0,0,0,0,0,1,0.7999999999999999,1
708,0.5239884755104597,0.0,0.0,0.05130978285055781,0,1,1,0,0,0,0,0,0,1,0,0,0,0,0,1,0.5714285714285714,1
709,0.27345609420017536,0.0,0.0,0.29580589980036276,1,0,1,0,0,0,0,0,0,0,0,0,0,0,0,1,0.5714285714285714,1
710,0.3736690467242891,0.125,0.1111111111111111,0.029757819776815374,0,1,0,0,1,0,0,0,0,0,0,0,0,1,0,0,0.7619047619047619,1
711,0.2985093323312038,0.0,0.0,0.09662576327876685,1,0,1,0,0,0,0,1,0,0,0,0,0,1,0,0,0.5714285714285714,1
712,0.3736690467242891,0.0,0.0,0.051822148727810165,0,1,1,0,0,0,0,1,0,0,0,0,0,0,0,1,0.0,0
713,0.599148189903545,0.125,0.0,0.10149724044618187,0,1,1,0,0,0,0,1,0,0,0,0,0,0,0,1,0.8571428571428571,1
714,0.36114242765877486,0.0,0.0,0.018510168852370702,0,1,0,0,1,0,0,0,0,0,0,0,0,0,0,1,0.2857142857142857,0
715,0.6492546661656019,0.0,0.0,0.025374310111545468,0,1,0,1,0,0,0,0,0,0,0,0,0,0,0,1,0.0,0
716,0.2358762370036327,0.0,0.0,0.014931805565640218,0,1,0,0,1,0,0,0,0,0,1,0,0,0,0,1,0.0,0
717,0.47388199924840285,0.0,0.0,0.4440992237022602,1,0,1,0,0,0,0,1,0,0,0,0,0,1,0,0,0.5714285714285714,1
718,0.33608918952774647,0.0,0.0,0.020494635090094415,1,0,0,1,0,0,0,0,0,1,0,0,0,0,0,1,0.5714285714285714,1
719,0.3736690467242891,0.0,0.0,0.030253985132996517,0,1,0,0,1,0,0,0,0,0,0,0,0,0,1,0,0.0,0
720,0.41124890392083174,0.0,0.0,0.015175789316712771,0,1,0,0,1,0,0,0,0,0,0,0,0,0,0,1,0.7619047619047619,0
721,0.0730301891519479,0.0,0.1111111111111111,0.06441171028315387,1,0,0,1,0,0,0,0,0,0,0,0,0,0,0,1,0.8571428571428571,1
722,0.21082299887260428,0.125,0.0,0.013768881414528002,0,1,0,0,1,0,0,0,0,0,0,0,0,0,0,1,0.380952380952381,0
723,0.42377552298634596,0.0,0.0,0.025374310111545468,0,1,0,1,0,0,0,0,0,0,0,0,0,0,0,1,0.0,0
724,0.6242014280345735,0.0,0.0,0.025374310111545468,0,1,0,1,0,0,0,0,0,0,0,0,0,0,0,1,0.0,0
725,0.33608918952774647,0.125,0.0,0.10364429745562033,0,1,1,0,0,0,0,0,0,1,0,0,0,0,0,1,0.8571428571428571,1
726,0.24840285606914692,0.0,0.0,0.016908073949327893,0,1,0,0,1,0,0,0,0,0,0,0,0,0,0,1,0.380952380952381,0
727,0.3736690467242891,0.375,0.0,0.04098927018018883,1,0,0,1,0,0,0,0,0,0,0,0,0,0,0,1,0.5714285714285714,1
728,0.3736690467242891,0.0,0.0,0.015102594191391002,1,0,0,0,1,0,0,0,0,0,0,0,0,0,1,0,0.5714285714285714,1
729,0.311035951396718,0.125,0.0,0.050748620223090936,0,1,0,1,0,0,0,0,0,0,0,0,0,0,0,1,0.2857142857142857,0
730,0.311035951396718,0.125,0.0,0.015468569817999833,1,0,0,0,1,0,0,0,0,0,0,0,0,0,0,1,0.2857142857142857,0
731,0.36114242765877486,0.0,0.0,0.41250332793836464,1,0,1,0,0,0,1,0,0,0,0,0,0,0,0,1,0.5714285714285714,1
732,0.13566328447951898,0.0,0.0,0.036670757786204655,0,1,0,0,1,0,0,0,0,0,0,0,0,1,0,0,0.0,0
733,0.3736690467242891,0.0,0.0,0.0,0,1,0,1,0,0,0,0,0,0,0,0,0,0,0,1,0.0,0
734,0.2859827132656896,0.0,0.0,0.025374310111545468,0,1,0,1,0,0,0,0,0,0,0,0,0,0,0,1,0.0,0
735,0.2859827132656896,0.0,0.0,0.025374310111545468,0,1,0,1,0,0,0,0,0,0,0,0,0,0,0,1,0.0,0
736,0.3548791181260178,0.0,0.0,0.031425107138144774,0,1,0,0,1,0,0,0,0,0,0,0,0,0,0,1,0.5714285714285714,0
737,0.599148189903545,0.125,0.3333333333333333,0.06709553154495196,1,0,0,0,1,0,0,0,0,0,0,0,0,0,0,1,0.4761904761904762,0
738,0.4363021420518602,0.0,0.0,1.0,0,1,1,0,0,0,1,0,0,0,0,0,0,1,0,0,0.5714285714285714,1
739,0.3736690467242891,0.0,0.0,0.015411575213749284,0,1,0,0,1,0,0,0,0,0,0,0,0,0,0,1,0.0,0
740,0.3736690467242891,0.0,0.0,0.015411575213749284,0,1,0,0,1,0,0,0,0,0,0,0,0,0,0,1,0.0,0
741,0.3736690467242891,0.0,0.0,0.05855610025741261,0,1,1,0,0,0,0,0,1,0,0,0,0,0,0,1,0.5714285714285714,1
742,0.4488287611173744,0.125,0.0,0.15390495017656614,0,1,1,0,0,0,0,1,0,0,0,0,0,0,0,1,0.2857142857142857,0
743,0.26092947513466114,0.25,0.2222222222222222,0.5121218935012878,1,0,1,0,0,0,1,0,0,0,0,0,0,1,0,0,0.6857142857142857,1
744,0.2985093323312038,0.125,0.0,0.031425107138144774,0,1,0,0,1,0,0,0,0,0,0,0,0,0,0,1,0.2857142857142857,0
745,0.3861956657898033,0.0,0.0,0.015468569817999833,0,1,0,0,1,0,0,0,0,0,0,0,0,0,0,1,0.5714285714285714,1
746,0.8747338093448578,0.125,0.1111111111111111,0.13858277060920984,0,1,1,0,0,0,1,0,0,0,0,0,0,0,0,1,0.5714285714285714,0
747,0.19829637980709008,0.125,0.1111111111111111,0.03952536767375352,0,1,0,0,1,0,0,0,0,0,0,0,0,0,0,1,0.5714285714285714,0
748,0.3736690467242891,0.0,0.0,0.025374310111545468,1,0,0,1,0,0,0,0,0,0,0,0,0,0,0,1,0.5714285714285714,1
749,0.2358762370036327,0.125,0.0,0.10364429745562033,0,1,1,0,0,0,0,0,1,0,0,0,0,0,0,1,0.2857142857142857,0
750,0.3861956657898033,0.0,0.0,0.015126992566498259,0,1,0,0,1,0,0,0,0,0,0,0,0,0,1,0,0.0,0
751,0.04797695102091946,0.125,0.1111111111111111,0.04489301019734967,1,0,0,1,0,0,0,0,0,0,0,0,0,0,0,1,0.5714285714285714,1
752,0.0730301891519479,0.0,0.1111111111111111,0.024349578357040744,0,1,0,0,1,0,0,0,0,1,0,0,0,0,0,1,0.8571428571428571,1
753,0.41124890392083174,0.0,0.0,0.018542765081513996,0,1,0,0,1,0,0,0,0,0,0,0,0,0,0,1,0.0,0
754,0.2859827132656896,0.0,0.0,0.015411575213749284,0,1,0,0,1,0,0,0,0,0,0,0,0,0,0,1,0.0,0
755,0.599148189903545,0.125,0.2222222222222222,0.12687155055772734,1,0,0,1,0,0,0,0,0,0,0,0,0,0,0,1,0.7142857142857143,1
756,0.006263309532757109,0.125,0.1111111111111111,0.028302115124416098,0,1,0,1,0,0,0,0,0,0,0,0,0,0,0,1,0.8571428571428571,1
757,0.3486158085932607,0.0,0.0,0.015216388212891242,0,1,0,0,1,0,0,0,0,0,0,0,0,0,0,1,0.380952380952381,0
758,0.22334961793811847,0.0,0.0,0.022446505098674834,0,1,0,1,0,0,0,0,0,0,0,0,0,0,0,1,0.0,0
759,0.42377552298634596,0.0,0.0,0.015712553569072387,0,1,0,0,1,0,0,0,0,0,0,0,0,0,0,1,0.0,0
760,0.41124890392083174,0.0,0.0,0.16883675574220638,1,0,1,0,0,0,1,0,0,0,0,0,0,0,0,1,0.5714285714285714,1
761,0.3736690467242891,0.0,0.0,0.028302115124416098,0,1,0,0,1,0,0,0,0,0,0,0,0,0,0,1,0.0,0
762,0.5114618564449455,0.0,0.0,0.013907073811135496,0,1,0,0,1,0,0,0,0,0,0,0,0,0,0,1,0.0,0
763,0.24840285606914692,0.0,0.0,0.014110458666029575,0,1,0,0,1,0,0,0,0,0,0,0,0,1,0,0,0.5714285714285714,1
764,0.4488287611173744,0.125,0.2222222222222222,0.23422440102965045,1,0,1,0,0,0,1,0,0,0,0,0,0,0,0,1,0.8571428571428571,1
765,0.19829637980709008,0.0,0.0,0.015175789316712771,0,1,0,0,1,0,0,0,0,0,0,0,0,0,0,1,0.0,0
766,0.6367280471000877,0.125,0.0,0.15216446768991498,1,0,1,0,0,0,0,0,1,0,0,0,0,0,0,1,0.5714285714285714,1
767,0.3736690467242891,0.0,0.0,0.07729405233978466,0,1,1,0,0,0,0,0,0,0,0,0,0,1,0,0,0.0,0
768,0.3799323562570462,0.0,0.0,0.015126992566498259,1,0,0,0,1,0,0,0,0,0,0,0,0,0,1,0,0.0,0
769,0.3736690467242891,0.125,0.0,0.04713766070721715,0,1,0,0,1,0,0,0,0,0,0,0,0,0,1,0,0.5714285714285714,0
770,0.3987222848553175,0.0,0.0,0.016322512946753766,0,1,0,0,1,0,0,0,0,0,0,0,0,0,0,1,0.0,0
771,0.2985093323312038,0.0,0.0,0.018542765081513996,0,1,0,0,1,0,0,0,0,0,0,0,0,0,0,1,0.0,0
772,0.599148189903545,0.0,0.0,0.015330377421392339,0,1,0,0,1,0,0,0,0,0,0,0,0,0,0,1,0.380952380952381,0
773,0.711887761493173,0.0,0.0,0.020494635090094415,1,0,0,1,0,0,0,0,0,1,0,0,0,0,0,1,0.0,0
774,0.3736690467242891,0.0,0.0,0.014102260811993537,0,1,0,0,1,0,0,0,0,0,0,0,0,1,0,0,0.42857142857142855,0
775,0.6743079042966303,0.125,0.3333333333333333,0.04489301019734967,1,0,0,1,0,0,0,0,0,0,0,0,0,0,0,1,0.5714285714285714,1
776,0.22334961793811847,0.0,0.0,0.015126992566498259,0,1,0,0,1,0,0,0,0,0,0,0,0,0,0,1,0.0,0
777,0.3736690467242891,0.0,0.0,0.015126992566498259,0,1,0,0,1,0,0,0,0,0,1,0,0,0,1,0,0.0,0
778,0.06050357008643367,0.0,0.0,0.024349578357040744,1,0,0,0,1,0,0,0,0,0,0,0,0,0,0,1,0.5714285714285714,1
779,0.3736690467242891,0.0,0.0,0.015102594191391002,0,1,0,0,1,0,0,0,0,0,0,0,0,0,1,0,0.0,0
780,0.5365150945759739,0.0,0.1111111111111111,0.41250332793836464,1,0,1,0,0,0,1,0,0,0,0,0,0,0,0,1,0.5714285714285714,1
781,0.16071652261054742,0.0,0.0,0.014110458666029575,1,0,0,0,1,0,0,0,0,0,0,0,0,1,0,0,0.5714285714285714,1
782,0.21082299887260428,0.125,0.0,0.11125659048908397,1,0,1,0,0,0,1,0,0,0,0,0,0,0,0,1,0.8571428571428571,1
783,0.36114242765877486,0.0,0.0,0.05855610025741261,0,1,1,0,0,0,0,0,1,0,0,0,0,0,0,1,0.0,0
784,0.3736690467242891,0.125,0.2222222222222222,0.04577135170121086,0,1,0,0,1,0,0,0,0,0,0,0,0,0,0,1,0.42857142857142855,0
785,0.311035951396718,0.0,0.0,0.013760683560491965,0,1,0,0,1,0,0,0,0,0,0,0,0,0,0,1,0.2857142857142857,0
786,0.311035951396718,0.0,0.0,0.014151057562208049,0,1,0,0,1,0,0,0,0,0,0,0,0,0,0,1,0.0,0
787,0.22334961793811847,0.0,0.0,0.014630827210317115,1,0,0,0,1,0,0,0,0,0,0,0,0,0,0,1,0.5714285714285714,1
788,0.09808342728297632,0.5,0.1111111111111111,0.056848213999904744,0,1,0,0,1,0,0,0,0,0,0,0,0,0,1,0,0.4761904761904762,0
789,0.0103970938243768,0.125,0.2222222222222222,0.04015972542654215,0,1,0,0,1,0,0,0,0,0,0,0,0,0,0,1,0.5714285714285714,1
790,0.5740949517725166,0.0,0.0,0.15458810467956932,0,1,1,0,0,0,1,0,0,0,0,0,0,1,0,0,0.0,0
791,0.3736690467242891,0.0,0.0,0.015126992566498259,0,1,0,0,1,0,0,0,0,0,0,0,0,0,1,0,0.5714285714285714,0
792,0.19829637980709008,0.0,0.0,0.050748620223090936,0,1,0,1,0,0,0,0,0,0,0,0,0,0,0,1,0.0,0
793,0.3736690467242891,1.0,0.2222222222222222,0.13575255909676823,1,0,0,0,1,0,0,0,0,0,0,0,0,0,0,1,0.5194805194805194,0
794,0.3736690467242891,0.0,0.0,0.05991421140938287,0,1,1,0,0,0,0,0,0,0,0,0,0,1,0,0,0.7619047619047619,0
795,0.311035951396718,0.0,0.0,0.015411575213749284,0,1,0,0,1,0,0,0,0,0,0,0,0,0,0,1,0.0,0
796,0.4864086183139171,0.0,0.0,0.025374310111545468,0,1,0,1,0,0,0,0,0,0,0,0,0,0,0,1,0.0,0
797,0.6116748089690592,0.0,0.0,0.050610427826483444,1,0,1,0,0,0,0,0,1,0,0,0,0,0,0,1,0.5714285714285714,1
798,0.3861956657898033,0.0,0.0,0.016948672845506364,1,0,0,0,1,0,0,0,0,0,0,0,0,0,0,1,0.5714285714285714,1
799,0.3736690467242891,0.0,0.0,0.014110458666029575,0,1,0,0,1,0,0,0,0,0,0,0,0,1,0,0,0.0,0
800,0.3736690467242891,0.125,0.1111111111111111,0.04713766070721715,1,0,0,0,1,0,0,0,0,0,0,0,0,0,0,1,0.380952380952381,0
801,0.42377552298634596,0.0,0.0,0.025374310111545468,0,1,0,1,0,0,0,0,0,0,0,0,0,0,0,1,0.0,0
802,0.3861956657898033,0.125,0.1111111111111111,0.05123658772523604,1,0,0,1,0,0,0,0,0,0,0,0,0,0,0,1,0.7619047619047619,1
803,0.13566328447951898,0.125,0.2222222222222222,0.23422440102965045,0,1,1,0,0,0,1,0,0,0,0,0,0,0,0,1,0.8571428571428571,1
804,0.003131654766378554,0.0,0.1111111111111111,0.016623491302076868,0,1,0,0,1,0,0,0,0,0,0,0,0,1,0,0,0.5714285714285714,1
805,0.33608918952774647,0.0,0.0,0.013614293309848433,0,1,0,0,1,0,0,0,0,0,0,0,0,0,0,1,0.5714285714285714,1
806,0.3861956657898033,0.0,0.0,0.015175789316712771,0,1,0,0,1,0,0,0,0,0,0,0,0,0,0,1,0.42857142857142855,0
807,0.4864086183139171,0.0,0.0,0.0,0,1,1,0,0,1,0,0,0,0,0,0,0,0,0,1,0.5714285714285714,0
808,0.22334961793811847,0.0,0.0,0.015175789316712771,1,0,0,0,1,0,0,0,0,0,0,0,0,0,0,1,0.0,0
809,0.4864086183139171,0.0,0.0,0.025374310111545468,0,1,0,1,0,0,0,0,0,0,0,0,0,0,0,1,0.5714285714285714,0
810,0.41124890392083174,0.125,0.0,0.10364429745562033,1,0,1,0,0,0,0,0,0,1,0,0,0,0,0,1,0.8571428571428571,1
811,0.32356257046223225,0.0,0.0,0.015395374692678068,0,1,0,0,1,0,0,0,0,0,0,0,0,0,0,1,0.0,0
812,0.4864086183139171,0.0,0.0,0.04713766070721715,0,1,0,0,1,0,0,0,0,0,0,0,0,0,0,1,0.0,0
813,0.4363021420518602,0.0,0.0,0.020494635090094415,0,1,0,1,0,0,0,0,0,0,0,0,0,0,0,1,0.0,0
814,0.0730301891519479,0.5,0.2222222222222222,0.06104473451835265,1,0,0,0,1,0,0,0,0,0,0,0,0,0,0,1,0.6233766233766234,0
815,0.3799323562570462,0.0,0.0,0.015712553569072387,0,1,0,0,1,0,0,0,0,0,0,0,0,0,0,1,0.0,0
816,0.3736690467242891,0.0,0.0,0.0,0,1,1,0,0,0,1,0,0,0,0,0,0,0,0,1,0.0,0
817,0.2859827132656896,0.0,0.0,0.015468569817999833,1,0,0,0,1,0,0,0,0,0,0,0,0,0,0,1,0.0,0
818,0.3861956657898033,0.125,0.1111111111111111,0.07222738817151159,0,1,0,1,0,0,0,0,0,0,0,0,0,1,0,0,0.5714285714285714,0
819,0.5365150945759739,0.0,0.0,0.012589561555343713,0,1,0,0,1,0,0,0,0,0,0,0,0,0,0,1,0.0,0
820,0.12313666541400477,0.375,0.2222222222222222,0.05445717323939373,0,1,0,0,1,0,0,0,0,0,0,0,0,0,0,1,0.4761904761904762,0
821,0.6492546661656019,0.125,0.1111111111111111,0.18249984580226933,1,0,1,0,0,0,1,0,0,0,0,0,0,0,0,1,0.7619047619047619,1
822,0.33608918952774647,0.0,0.0,0.016908073949327893,0,1,0,0,1,0,0,0,0,0,0,0,0,0,0,1,0.5714285714285714,1
823,0.47388199924840285,0.0,0.0,0.0,0,1,1,0,0,0,0,0,0,0,0,0,0,0,0,1,0.0,0
824,0.33608918952774647,0.0,0.1111111111111111,0.024349578357040744,1,0,0,0,1,0,0,0,0,1,0,0,0,0,0,1,0.8571428571428571,1
825,0.02292371288989102,0.5,0.1111111111111111,0.07746484096553544,0,1,0,0,1,0,0,0,0,0,0,0,0,0,0,1,0.4761904761904762,0
826,0.3736690467242891,0.0,0.0,0.013565496559633922,0,1,0,0,1,0,0,0,0,0,0,0,0,0,1,0,0.5714285714285714,0
827,0.3736690467242891,0.0,0.0,0.11027245763075773,0,1,0,0,1,0,0,0,0,0,0,0,0,0,0,1,0.5714285714285714,0
828,0.0103970938243768,0.0,0.2222222222222222,0.07222738817151159,0,1,0,1,0,0,0,0,0,0,0,0,0,1,0,0,0.5714285714285714,1
829,0.3736690467242891,0.0,0.0,0.015126992566498259,0,1,0,0,1,0,0,0,0,0,0,0,0,0,1,0,0.5714285714285714,1
830,0.7745208568207441,0.0,0.0,0.15614960068643363,1,0,1,0,0,0,1,0,0,0,0,0,0,0,0,0,0.5714285714285714,1
831,0.18576976074157586,0.125,0.0,0.028212719478023115,1,0,0,0,1,0,0,0,0,0,0,0,0,1,0,0,0.5714285714285714,1
832,0.008267568583239383,0.125,0.1111111111111111,0.03659756266088288,0,1,0,1,0,0,0,0,0,0,0,0,0,0,0,1,0.9523809523809523,1
833,0.3736690467242891,0.0,0.0,0.014110458666029575,0,1,0,0,1,0,0,0,0,0,0,0,0,1,0,0,0.2857142857142857,0
834,0.2859827132656896,0.0,0.0,0.015330377421392339,0,1,0,0,1,0,0,0,0,0,0,0,0,0,0,1,0.0,0
835,0.22334961793811847,0.0,0.0,0.016200521071217493,0,1,0,0,1,0,0,0,0,0,0,0,0,0,0,1,0.0,0
836,0.4864086183139171,0.125,0.1111111111111111,0.16231419173453318,1,0,1,0,0,0,0,0,0,1,0,0,0,1,0,0,0.5714285714285714,1
837,0.26092947513466114,0.0,0.0,0.016908073949327893,0,1,0,0,1,0,0,0,0,0,0,0,0,0,0,1,0.0,0
838,0.3736690467242891,0.0,0.0,0.015712553569072387,0,1,0,0,1,0,0,0,0,0,0,0,0,0,0,1,0.0,0
839,0.3987222848553175,0.0,0.0,0.11027245763075773,0,1,0,0,1,0,0,0,0,0,0,0,0,0,0,1,0.5714285714285714,1
840,0.3736690467242891,0.0,0.0,0.057970539254838485,0,1,1,0,0,0,0,1,0,0,0,0,0,1,0,0,0.5714285714285714,1
841,0.24840285606914692,0.0,0.0,0.015468569817999833,0,1,0,0,1,0,0,0,0,0,0,0,0,0,0,1,0.0,0
842,0.19829637980709008,0.0,0.0,0.020494635090094415,0,1,0,1,0,0,0,0,0,0,0,0,0,0,0,1,0.0,0
843,0.3736690467242891,0.0,0.0,0.060507970265993034,1,0,1,0,0,0,0,0,0,0,0,0,0,1,0,0,0.5714285714285714,1
844,0.4300388325191031,0.0,0.0,0.012565163180236457,0,1,0,0,1,0,0,0,0,0,0,0,0,1,0,0,0.0,0
845,0.21082299887260428,0.0,0.0,0.016908073949327893,0,1,0,0,1,0,0,0,0,0,0,0,0,0,0,1,0.0,0
846,0.5239884755104597,0.0,0.0,0.014736618564782174,0,1,0,0,1,0,0,0,0,0,0,0,0,0,0,1,0.0,0
847,0.3736690467242891,1.0,0.2222222222222222,0.13575255909676823,0,1,0,0,1,0,0,0,0,0,0,0,0,0,0,1,0.5194805194805194,0
848,0.4363021420518602,0.0,0.0,0.015411575213749284,0,1,0,0,1,0,0,0,0,0,0,0,0,1,0,0,0.0,0
849,0.3486158085932607,0.0,0.1111111111111111,0.06441171028315387,0,1,0,1,0,0,0,0,0,0,0,0,0,0,0,1,0.8571428571428571,0
850,0.3736690467242891,0.125,0.0,0.17391981561855152,1,0,1,0,0,0,0,1,0,0,0,0,0,1,0,0,0.8571428571428571,1
851,0.04797695102091946,0.5,0.2222222222222222,0.06104473451835265,0,1,0,0,1,0,0,0,0,0,0,0,0,0,0,1,0.6233766233766234,0
852,0.9248402856069147,0.0,0.0,0.015175789316712771,0,1,0,0,1,0,0,0,0,0,0,0,0,0,0,1,0.380952380952381,0
853,0.11061004634849055,0.125,0.1111111111111111,0.029757819776815374,1,0,0,0,1,0,0,0,0,0,0,0,0,1,0,0,0.42857142857142855,0
854,0.19829637980709008,0.0,0.1111111111111111,0.07690367833806856,1,0,1,0,0,0,0,0,1,0,0,0,0,0,0,1,0.5714285714285714,1
855,0.5490417136414881,0.125,0.0,0.050748620223090936,1,0,0,1,0,0,0,0,0,0,0,0,0,0,0,1,0.8571428571428571,0
856,0.22334961793811847,0.0,0.1111111111111111,0.01824998458022693,1,0,0,0,1,0,0,0,0,0,0,0,0,0,0,1,0.5714285714285714,1
857,0.5615683327070023,0.125,0.1111111111111111,0.32179836714362564,1,0,1,0,0,0,0,0,0,0,0,0,0,0,0,1,0.7619047619047619,1
858,0.6367280471000877,0.0,0.0,0.051822148727810165,0,1,1,0,0,0,0,0,0,1,0,0,0,0,0,1,0.7619047619047619,1
859,0.2985093323312038,0.0,0.3333333333333333,0.03758969818624431,1,0,0,0,1,0,0,0,0,0,0,0,0,1,0,0,1.0,1
860,0.3736690467242891,0.0,0.0,0.014110458666029575,0,1,0,0,1,0,0,0,0,0,0,0,0,1,0,0,0.0,0
861,0.5114618564449455,0.25,0.0,0.027537567642055148,0,1,0,0,1,0,0,0,0,0,0,0,0,0,0,1,0.42857142857142855,0
862,0.26092947513466114,0.125,0.0,0.022446505098674834,0,1,0,1,0,0,0,0,0,0,0,0,0,0,0,1,0.380952380952381,0
863,0.599148189903545,0.0,0.0,0.050610427826483444,1,0,1,0,0,0,0,0,1,0,0,0,0,0,0,1,0.5714285714285714,1
864,0.3736690467242891,1.0,0.2222222222222222,0.13575255909676823,1,0,0,0,1,0,0,0,0,0,0,0,0,0,0,1,0.5194805194805194,0
865,0.2985093323312038,0.0,0.0,0.025374310111545468,0,1,0,1,0,0,0,0,0,0,0,0,0,0,0,1,0.0,0
866,0.5239884755104597,0.0,0.0,0.025374310111545468,1,0,0,1,0,0,0,0,0,0,0,0,0,0,0,1,0.5714285714285714,1
867,0.33608918952774647,0.125,0.0,0.027049600139910042,1,0,0,1,0,0,0,0,0,0,0,0,0,1,0,0,0.5714285714285714,1
868,0.3861956657898033,0.0,0.0,0.09856123757927521,0,1,1,0,0,1,0,0,0,0,0,0,0,0,0,1,0.0,0
869,0.3736690467242891,0.0,0.0,0.018542765081513996,0,1,0,0,1,0,0,0,0,0,0,0,0,0,0,1,0.0,0
870,0.04797695102091946,0.125,0.1111111111111111,0.021730754366528396,0,1,0,0,1,0,0,0,0,0,0,0,0,0,0,1,0.7619047619047619,1
871,0.32356257046223225,0.0,0.0,0.015411575213749284,0,1,0,0,1,0,0,0,0,0,0,0,0,0,0,1,0.0,0
872,0.5866215708380308,0.125,0.1111111111111111,0.10257896680493714,1,0,1,0,0,0,0,0,1,0,0,0,0,0,0,1,0.8571428571428571,1
873,0.41124890392083174,0.0,0.0,0.009759350042902102,0,1,1,0,0,0,1,0,0,0,0,0,0,0,0,1,0.380952380952381,0
874,0.5866215708380308,0.0,0.0,0.017566830077223785,0,1,0,0,1,0,0,0,0,0,0,0,0,0,0,1,0.0,0
875,0.3486158085932607,0.125,0.0,0.04684488020593009,1,0,0,1,0,0,0,0,0,0,0,0,0,1,0,0,0.5714285714285714,1
876,0.18576976074157586,0.0,0.0,0.014102260811993537,1,0,0,0,1,0,0,0,0,0,0,0,0,1,0,0,0.5714285714285714,1
877,0.24840285606914692,0.0,0.0,0.019217721730481106,0,1,0,0,1,0,0,0,0,0,0,0,0,0,0,1,0.42857142857142855,0
878,0.2358762370036327,0.0,0.0,0.015411575213749284,0,1,0,0,1,0,0,0,0,0,0,0,0,0,0,1,0.2857142857142857,0
879,0.3736690467242891,0.0,0.0,0.015411575213749284,0,1,0,0,1,0,0,0,0,0,0,0,0,0,0,1,0.0,0
880,0.6993611424276588,0.0,0.1111111111111111,0.16231419173453318,1,0,1,0,0,0,0,1,0,0,0,0,0,1,0,0,0.5714285714285714,1
881,0.311035951396718,0.0,0.1111111111111111,0.050748620223090936,1,0,0,1,0,0,0,0,0,0,0,0,0,0,0,1,0.5714285714285714,1
882,0.41124890392083174,0.0,0.0,0.015411575213749284,0,1,0,0,1,0,0,0,0,0,0,0,0,0,0,1,0.0,0
883,0.27345609420017536,0.0,0.0,0.02052723131923771,1,0,0,0,1,0,0,0,0,0,0,0,0,0,0,1,0.0,0
884,0.3486158085932607,0.0,0.0,0.020494635090094415,0,1,0,1,0,0,0,0,0,0,0,0,0,0,0,1,0.0,0
885,0.311035951396718,0.0,0.0,0.013760683560491965,0,1,0,0,1,0,0,0,0,0,0,0,0,0,0,1,0.0,0
886,0.4864086183139171,0.0,0.5555555555555556,0.056848213999904744,1,0,0,0,1,0,0,0,0,0,0,0,0,0,1,0,0.4761904761904762,0
887,0.33608918952774647,0.0,0.0,0.025374310111545468,0,1,0,1,0,0,0,0,0,0,0,0,0,0,0,1,0.0,0
888,0.2358762370036327,0.0,0.0,0.05855610025741261,1,0,1,0,0,0,1,0,0,0,0,0,0,0,0,1,0.7619047619047619,1
889,0.3736690467242891,0.125,0.2222222222222222,0.04577135170121086,1,0,0,0,1,0,0,0,0,0,0,0,0,0,0,1,0.42857142857142855,0
890,0.32356257046223225,0.0,0.0,0.05855610025741261,0,1,1,0,0,0,0,1,0,0,0,0,0,1,0,0,0.5714285714285714,1
891,0.3987222848553175,0.0,0.0,0.015126992566498259,0,1,0,0,1,0,0,0,0,0,0,0,0,0,1,0,0.0,0
